# ProBuilder 5.2.4
# https://unity3d.com/unity/features/worldbuilding/probuilder
# 18/05/2025 19:23:54

mtllib ./Planos1.mtl
o Planos1

g Plane (66)
v 8 5E-05 -8
v 8 5E-05 -7
v 7 5E-05 -8
v 7 5E-05 -7
v 8 5E-05 -6
v 7 5E-05 -6
v 6 5E-05 -8
v 6 5E-05 -7
v 6 5E-05 -6

vt -2 0
vt -2 1
vt -1 0
vt -1 1
vt -2 2
vt -1 2
vt 0 0
vt 0 1
vt 0 2

vn 0 1 0

usemtl ProBuilderDefault
f 3/3/1 4/4/1 2/2/1 1/1/1
f 4/4/1 6/6/1 5/5/1 2/2/1
f 7/7/1 8/8/1 4/4/1 3/3/1
f 8/8/1 9/9/1 6/6/1 4/4/1

g Plane (180)
v -10 5E-05 -10
v -10 5E-05 -9
v -11 5E-05 -10
v -11 5E-05 -9
v -10 5E-05 -8
v -11 5E-05 -8
v -12 5E-05 -10
v -12 5E-05 -9
v -12 5E-05 -8

vt -2 0
vt -2 1
vt -1 0
vt -1 1
vt -2 2
vt -1 2
vt 0 0
vt 0 1
vt 0 2

vn 0 1 0

usemtl ProBuilderDefault
f 12/12/2 13/13/2 11/11/2 10/10/2
f 13/13/2 15/15/2 14/14/2 11/11/2
f 16/16/2 17/17/2 13/13/2 12/12/2
f 17/17/2 18/18/2 15/15/2 13/13/2

g Plane (32)
v 0 0.0001 4
v 0 0.0001 5
v -1 0.0001 4
v -1 0.0001 5
v 0 0.0001 6
v -1 0.0001 6
v -2 0.0001 4
v -2 0.0001 5
v -2 0.0001 6

vt -2 0
vt -2 1
vt -1 0
vt -1 1
vt -2 2
vt -1 2
vt 0 0
vt 0 1
vt 0 2

vn 0 1 0

usemtl ProBuilderDefault
f 21/21/3 22/22/3 20/20/3 19/19/3
f 22/22/3 24/24/3 23/23/3 20/20/3
f 25/25/3 26/26/3 22/22/3 21/21/3
f 26/26/3 27/27/3 24/24/3 22/22/3

g Plane (41)
v 12 5E-05 4
v 12 5E-05 5
v 11 5E-05 4
v 11 5E-05 5
v 12 5E-05 6
v 11 5E-05 6
v 10 5E-05 4
v 10 5E-05 5
v 10 5E-05 6

vt -2 0
vt -2 1
vt -1 0
vt -1 1
vt -2 2
vt -1 2
vt 0 0
vt 0 1
vt 0 2

vn 0 1 0

usemtl ProBuilderDefault
f 30/30/4 31/31/4 29/29/4 28/28/4
f 31/31/4 33/33/4 32/32/4 29/29/4
f 34/34/4 35/35/4 31/31/4 30/30/4
f 35/35/4 36/36/4 33/33/4 31/31/4

g Plane (158)
v -6 5E-05 -12
v -6 5E-05 -11
v -7 5E-05 -12
v -7 5E-05 -11
v -6 5E-05 -10
v -7 5E-05 -10
v -8 5E-05 -12
v -8 5E-05 -11
v -8 5E-05 -10

vt -2 0
vt -2 1
vt -1 0
vt -1 1
vt -2 2
vt -1 2
vt 0 0
vt 0 1
vt 0 2

vn 0 1 0

usemtl ProBuilderDefault
f 39/39/5 40/40/5 38/38/5 37/37/5
f 40/40/5 42/42/5 41/41/5 38/38/5
f 43/43/5 44/44/5 40/40/5 39/39/5
f 44/44/5 45/45/5 42/42/5 40/40/5

g Plane (18)
v 2 4.000075 2
v 2 4.000075 3
v 1 4.000075 2
v 1 4.000075 3
v 2 4.000075 4
v 1 4.000075 4
v 0 4.000075 2
v 0 4.000075 3
v 0 4.000075 4
v 2 0.0001 2
v 2 0.0001 3
v 2 1.000075 2
v 2 1.000075 3
v 0 0.0001 3
v 0 0.0001 2
v 0 1.000075 3
v 0 1.000075 2
v 1 0.0001 4
v 0 0.0001 4
v 1 1.000075 4
v 0 1.000075 4
v 2 0.0001 4
v 2 1.000075 4
v 1 0.0001 2
v 1 1.000075 2
v 2 2.000075 2
v 2 2.000075 3
v 0 2.000075 3
v 0 2.000075 2
v 1 2.000075 4
v 0 2.000075 4
v 2 2.000075 4
v 1 2.000075 2
v 2 3.000075 2
v 2 3.000075 3
v 0 3.000075 3
v 0 3.000075 2
v 1 3.000075 4
v 0 3.000075 4
v 2 3.000075 4
v 1 3.000075 2

vt -2 0
vt -2 1
vt -1 0
vt -1 1
vt -2 2
vt -1 2
vt 0 0
vt 0 1
vt 0 2
vt 1 0.0001
vt 1 1.000075
vt 2 0.0001
vt 2 1.000075
vt 1 2.000075
vt 2 2.000075
vt 0 3.000075
vt -1 3.000075
vt 1 3.000075
vt 2 3.000075
vt -2 3.000075
vt 0 4.000075
vt -1 4.000075
vt 1 4.000075
vt 2 4.000075
vt -2 4.000075

vn 0 1 0
vn 1 0 0
vn -1 0 0
vn 0 0 1
vn 0 0 -1

usemtl ProBuilderDefault
f 48/48/6 49/49/6 47/47/6 46/46/6
f 49/49/6 51/51/6 50/50/6 47/47/6
f 52/52/6 53/53/6 49/49/6 48/48/6
f 53/53/6 54/54/6 51/51/6 49/49/6
f 57/53/7 58/49/7 56/48/7 55/52/7
f 61/56/8 62/53/8 60/52/8 59/55/8
f 65/56/9 66/53/9 64/52/9 63/55/9
f 66/58/8 61/56/8 59/55/8 64/57/8
f 58/49/7 68/47/7 67/46/7 56/48/7
f 62/53/10 70/49/10 69/48/10 60/52/10
f 68/58/9 65/56/9 63/55/9 67/57/9
f 70/49/10 57/47/10 55/46/10 69/48/10
f 71/54/7 72/51/7 58/49/7 57/53/7
f 73/59/8 74/54/8 62/53/8 61/56/8
f 75/59/9 76/54/9 66/53/9 65/56/9
f 76/60/8 73/59/8 61/56/8 66/58/8
f 72/51/7 77/50/7 68/47/7 58/49/7
f 74/54/10 78/51/10 70/49/10 62/53/10
f 77/60/9 75/59/9 65/56/9 68/58/9
f 78/51/10 71/50/10 57/47/10 70/49/10
f 79/61/7 80/62/7 72/51/7 71/54/7
f 81/63/8 82/61/8 74/54/8 73/59/8
f 83/63/9 84/61/9 76/54/9 75/59/9
f 84/64/8 81/63/8 73/59/8 76/60/8
f 80/62/7 85/65/7 77/50/7 72/51/7
f 82/61/10 86/62/10 78/51/10 74/54/10
f 85/64/9 83/63/9 75/59/9 77/60/9
f 86/62/10 79/65/10 71/50/10 78/51/10
f 46/66/7 47/67/7 80/62/7 79/61/7
f 53/68/8 52/66/8 82/61/8 81/63/8
f 51/68/9 54/66/9 84/61/9 83/63/9
f 54/69/8 53/68/8 81/63/8 84/64/8
f 47/67/7 50/70/7 85/65/7 80/62/7
f 52/66/10 48/67/10 86/62/10 82/61/10
f 50/69/9 51/68/9 83/63/9 85/64/9
f 48/67/10 46/70/10 79/65/10 86/62/10

g Plane (120)
v -10 5E-05 -2
v -10 5E-05 -1
v -11 5E-05 -2
v -11 5E-05 -1
v -10 5E-05 0
v -11 5E-05 0
v -12 5E-05 -2
v -12 5E-05 -1
v -12 5E-05 0

vt -2 0
vt -2 1
vt -1 0
vt -1 1
vt -2 2
vt -1 2
vt 0 0
vt 0 1
vt 0 2

vn 0 1 0

usemtl ProBuilderDefault
f 89/73/11 90/74/11 88/72/11 87/71/11
f 90/74/11 92/76/11 91/75/11 88/72/11
f 93/77/11 94/78/11 90/74/11 89/73/11
f 94/78/11 95/79/11 92/76/11 90/74/11

g Plane (72)
v 14 5E-05 -8
v 14 5E-05 -7
v 13 5E-05 -8
v 13 5E-05 -7
v 14 5E-05 -6
v 13 5E-05 -6
v 12 5E-05 -8
v 12 5E-05 -7
v 12 5E-05 -6

vt -2 0
vt -2 1
vt -1 0
vt -1 1
vt -2 2
vt -1 2
vt 0 0
vt 0 1
vt 0 2

vn 0 1 0

usemtl ProBuilderDefault
f 98/82/12 99/83/12 97/81/12 96/80/12
f 99/83/12 101/85/12 100/84/12 97/81/12
f 102/86/12 103/87/12 99/83/12 98/82/12
f 103/87/12 104/88/12 101/85/12 99/83/12

g Plane (5)
v 6 5E-05 0
v 6 5E-05 1
v 5 5E-05 0
v 5 5E-05 1
v 6 5E-05 2
v 5 5E-05 2
v 4 5E-05 0
v 4 5E-05 1
v 4 5E-05 2

vt -2 0
vt -2 1
vt -1 0
vt -1 1
vt -2 2
vt -1 2
vt 0 0
vt 0 1
vt 0 2

vn 0 1 0

usemtl ProBuilderDefault
f 107/91/13 108/92/13 106/90/13 105/89/13
f 108/92/13 110/94/13 109/93/13 106/90/13
f 111/95/13 112/96/13 108/92/13 107/91/13
f 112/96/13 113/97/13 110/94/13 108/92/13

g Plane (131)
v 12 5E-05 -16
v 12 5E-05 -15
v 11 5E-05 -16
v 11 5E-05 -15
v 12 5E-05 -14
v 11 5E-05 -14
v 10 5E-05 -16
v 10 5E-05 -15
v 10 5E-05 -14

vt -2 0
vt -2 1
vt -1 0
vt -1 1
vt -2 2
vt -1 2
vt 0 0
vt 0 1
vt 0 2

vn 0 1 0

usemtl ProBuilderDefault
f 116/100/14 117/101/14 115/99/14 114/98/14
f 117/101/14 119/103/14 118/102/14 115/99/14
f 120/104/14 121/105/14 117/101/14 116/100/14
f 121/105/14 122/106/14 119/103/14 117/101/14

g Plane (105)
v -10 5E-05 -4
v -10 5E-05 -3
v -11 5E-05 -4
v -11 5E-05 -3
v -10 5E-05 -2
v -11 5E-05 -2
v -12 5E-05 -4
v -12 5E-05 -3
v -12 5E-05 -2

vt -2 0
vt -2 1
vt -1 0
vt -1 1
vt -2 2
vt -1 2
vt 0 0
vt 0 1
vt 0 2

vn 0 1 0

usemtl ProBuilderDefault
f 125/109/15 126/110/15 124/108/15 123/107/15
f 126/110/15 128/112/15 127/111/15 124/108/15
f 129/113/15 130/114/15 126/110/15 125/109/15
f 130/114/15 131/115/15 128/112/15 126/110/15

g Plane (89)
v -12 5E-05 -6
v -12 5E-05 -5
v -13 5E-05 -6
v -13 5E-05 -5
v -12 5E-05 -4
v -13 5E-05 -4
v -14 5E-05 -6
v -14 5E-05 -5
v -14 5E-05 -4

vt -2 0
vt -2 1
vt -1 0
vt -1 1
vt -2 2
vt -1 2
vt 0 0
vt 0 1
vt 0 2

vn 0 1 0

usemtl ProBuilderDefault
f 134/118/16 135/119/16 133/117/16 132/116/16
f 135/119/16 137/121/16 136/120/16 133/117/16
f 138/122/16 139/123/16 135/119/16 134/118/16
f 139/123/16 140/124/16 137/121/16 135/119/16

g Plane (67)
v -8 -5E-05 -8
v -8 -5E-05 -7
v -9 -5E-05 -8
v -9 -5E-05 -7
v -8 -5E-05 -6
v -9 -5E-05 -6
v -10 -5E-05 -8
v -10 -5E-05 -7
v -10 -5E-05 -6

vt -2 0
vt -2 1
vt -1 0
vt -1 1
vt -2 2
vt -1 2
vt 0 0
vt 0 1
vt 0 2

vn 0 1 0

usemtl ProBuilderDefault
f 143/127/17 144/128/17 142/126/17 141/125/17
f 144/128/17 146/130/17 145/129/17 142/126/17
f 147/131/17 148/132/17 144/128/17 143/127/17
f 148/132/17 149/133/17 146/130/17 144/128/17

g Plane (108)
v 2 0.0001 -2
v 2 0.0001 -1
v 1 0.0001 -2
v 1 0.0001 -1
v 2 0.0001 0
v 1 0.0001 0
v 0 0.0001 -2
v 0 0.0001 -1
v 0 0.0001 0

vt -2 0
vt -2 1
vt -1 0
vt -1 1
vt -2 2
vt -1 2
vt 0 0
vt 0 1
vt 0 2

vn 0 1 0

usemtl ProBuilderDefault
f 152/136/18 153/137/18 151/135/18 150/134/18
f 153/137/18 155/139/18 154/138/18 151/135/18
f 156/140/18 157/141/18 153/137/18 152/136/18
f 157/141/18 158/142/18 155/139/18 153/137/18

g Plane (147)
v 14 5E-05 -14
v 14 5E-05 -13
v 13 5E-05 -14
v 13 5E-05 -13
v 14 5E-05 -12
v 13 5E-05 -12
v 12 5E-05 -14
v 12 5E-05 -13
v 12 5E-05 -12

vt -2 0
vt -2 1
vt -1 0
vt -1 1
vt -2 2
vt -1 2
vt 0 0
vt 0 1
vt 0 2

vn 0 1 0

usemtl ProBuilderDefault
f 161/145/19 162/146/19 160/144/19 159/143/19
f 162/146/19 164/148/19 163/147/19 160/144/19
f 165/149/19 166/150/19 162/146/19 161/145/19
f 166/150/19 167/151/19 164/148/19 162/146/19

g Plane (129)
v -4 5E-05 -16
v -4 5E-05 -15
v -5 5E-05 -16
v -5 5E-05 -15
v -4 5E-05 -14
v -5 5E-05 -14
v -6 5E-05 -16
v -6 5E-05 -15
v -6 5E-05 -14

vt -2 0
vt -2 1
vt -1 0
vt -1 1
vt -2 2
vt -1 2
vt 0 0
vt 0 1
vt 0 2

vn 0 1 0

usemtl ProBuilderDefault
f 170/154/20 171/155/20 169/153/20 168/152/20
f 171/155/20 173/157/20 172/156/20 169/153/20
f 174/158/20 175/159/20 171/155/20 170/154/20
f 175/159/20 176/160/20 173/157/20 171/155/20

g Plane (92)
v 0 0.0001 -4
v 0 0.0001 -3
v -1 0.0001 -4
v -1 0.0001 -3
v 0 0.0001 -2
v -1 0.0001 -2
v -2 0.0001 -4
v -2 0.0001 -3
v -2 0.0001 -2

vt -2 0
vt -2 1
vt -1 0
vt -1 1
vt -2 2
vt -1 2
vt 0 0
vt 0 1
vt 0 2

vn 0 1 0

usemtl ProBuilderDefault
f 179/163/21 180/164/21 178/162/21 177/161/21
f 180/164/21 182/166/21 181/165/21 178/162/21
f 183/167/21 184/168/21 180/164/21 179/163/21
f 184/168/21 185/169/21 182/166/21 180/164/21

g Plane (87)
v 14 5E-05 -6
v 14 5E-05 -5
v 13 5E-05 -6
v 13 5E-05 -5
v 14 5E-05 -4
v 13 5E-05 -4
v 12 5E-05 -6
v 12 5E-05 -5
v 12 5E-05 -4

vt -2 0
vt -2 1
vt -1 0
vt -1 1
vt -2 2
vt -1 2
vt 0 0
vt 0 1
vt 0 2

vn 0 1 0

usemtl ProBuilderDefault
f 188/172/22 189/173/22 187/171/22 186/170/22
f 189/173/22 191/175/22 190/174/22 187/171/22
f 192/176/22 193/177/22 189/173/22 188/172/22
f 193/177/22 194/178/22 191/175/22 189/173/22

g Plane (150)
v -10 5E-05 -14
v -10 5E-05 -13
v -11 5E-05 -14
v -11 5E-05 -13
v -10 5E-05 -12
v -11 5E-05 -12
v -12 5E-05 -14
v -12 5E-05 -13
v -12 5E-05 -12

vt -2 0
vt -2 1
vt -1 0
vt -1 1
vt -2 2
vt -1 2
vt 0 0
vt 0 1
vt 0 2

vn 0 1 0

usemtl ProBuilderDefault
f 197/181/23 198/182/23 196/180/23 195/179/23
f 198/182/23 200/184/23 199/183/23 196/180/23
f 201/185/23 202/186/23 198/182/23 197/181/23
f 202/186/23 203/187/23 200/184/23 198/182/23

g Plane (77)
v 0 0.0001 -6
v 0 0.0001 -5
v -1 0.0001 -6
v -1 0.0001 -5
v 0 0.0001 -4
v -1 0.0001 -4
v -2 0.0001 -6
v -2 0.0001 -5
v -2 0.0001 -4

vt -2 0
vt -2 1
vt -1 0
vt -1 1
vt -2 2
vt -1 2
vt 0 0
vt 0 1
vt 0 2

vn 0 1 0

usemtl ProBuilderDefault
f 206/190/24 207/191/24 205/189/24 204/188/24
f 207/191/24 209/193/24 208/192/24 205/189/24
f 210/194/24 211/195/24 207/191/24 206/190/24
f 211/195/24 212/196/24 209/193/24 207/191/24

g Plane (117)
v 14 5E-05 -2
v 14 5E-05 -1
v 13 5E-05 -2
v 13 5E-05 -1
v 14 5E-05 0
v 13 5E-05 0
v 12 5E-05 -2
v 12 5E-05 -1
v 12 5E-05 0

vt -2 0
vt -2 1
vt -1 0
vt -1 1
vt -2 2
vt -1 2
vt 0 0
vt 0 1
vt 0 2

vn 0 1 0

usemtl ProBuilderDefault
f 215/199/25 216/200/25 214/198/25 213/197/25
f 216/200/25 218/202/25 217/201/25 214/198/25
f 219/203/25 220/204/25 216/200/25 215/199/25
f 220/204/25 221/205/25 218/202/25 216/200/25

g Plane (146)
v 12 5E-05 -14
v 12 5E-05 -13
v 11 5E-05 -14
v 11 5E-05 -13
v 12 5E-05 -12
v 11 5E-05 -12
v 10 5E-05 -14
v 10 5E-05 -13
v 10 5E-05 -12

vt -2 0
vt -2 1
vt -1 0
vt -1 1
vt -2 2
vt -1 2
vt 0 0
vt 0 1
vt 0 2

vn 0 1 0

usemtl ProBuilderDefault
f 224/208/26 225/209/26 223/207/26 222/206/26
f 225/209/26 227/211/26 226/210/26 223/207/26
f 228/212/26 229/213/26 225/209/26 224/208/26
f 229/213/26 230/214/26 227/211/26 225/209/26

g Plane (176)
v 12 5E-05 -10
v 12 5E-05 -9
v 11 5E-05 -10
v 11 5E-05 -9
v 12 5E-05 -8
v 11 5E-05 -8
v 10 5E-05 -10
v 10 5E-05 -9
v 10 5E-05 -8

vt -2 0
vt -2 1
vt -1 0
vt -1 1
vt -2 2
vt -1 2
vt 0 0
vt 0 1
vt 0 2

vn 0 1 0

usemtl ProBuilderDefault
f 233/217/27 234/218/27 232/216/27 231/215/27
f 234/218/27 236/220/27 235/219/27 232/216/27
f 237/221/27 238/222/27 234/218/27 233/217/27
f 238/222/27 239/223/27 236/220/27 234/218/27

g Plane (142)
v -8 -5E-05 -14
v -8 -5E-05 -13
v -9 -5E-05 -14
v -9 -5E-05 -13
v -8 -5E-05 -12
v -9 -5E-05 -12
v -10 -5E-05 -14
v -10 -5E-05 -13
v -10 -5E-05 -12

vt -2 0
vt -2 1
vt -1 0
vt -1 1
vt -2 2
vt -1 2
vt 0 0
vt 0 1
vt 0 2

vn 0 1 0

usemtl ProBuilderDefault
f 242/226/28 243/227/28 241/225/28 240/224/28
f 243/227/28 245/229/28 244/228/28 241/225/28
f 246/230/28 247/231/28 243/227/28 242/226/28
f 247/231/28 248/232/28 245/229/28 243/227/28

g Plane (148)
v -14 -5E-05 -14
v -14 -5E-05 -13
v -15 -5E-05 -14
v -15 -5E-05 -13
v -14 -5E-05 -12
v -15 -5E-05 -12
v -16 -5E-05 -14
v -16 -5E-05 -13
v -16 -5E-05 -12

vt -2 0
vt -2 1
vt -1 0
vt -1 1
vt -2 2
vt -1 2
vt 0 0
vt 0 1
vt 0 2

vn 0 1 0

usemtl ProBuilderDefault
f 251/235/29 252/236/29 250/234/29 249/233/29
f 252/236/29 254/238/29 253/237/29 250/234/29
f 255/239/29 256/240/29 252/236/29 251/235/29
f 256/240/29 257/241/29 254/238/29 252/236/29

g Plane (6)
v 8 5E-05 0
v 8 5E-05 1
v 7 5E-05 0
v 7 5E-05 1
v 8 5E-05 2
v 7 5E-05 2
v 6 5E-05 0
v 6 5E-05 1
v 6 5E-05 2

vt -2 0
vt -2 1
vt -1 0
vt -1 1
vt -2 2
vt -1 2
vt 0 0
vt 0 1
vt 0 2

vn 0 1 0

usemtl ProBuilderDefault
f 260/244/30 261/245/30 259/243/30 258/242/30
f 261/245/30 263/247/30 262/246/30 259/243/30
f 264/248/30 265/249/30 261/245/30 260/244/30
f 265/249/30 266/250/30 263/247/30 261/245/30

g Plane (139)
v 4 -5E-05 -14
v 4 -5E-05 -13
v 3 -5E-05 -14
v 3 -5E-05 -13
v 4 -5E-05 -12
v 3 -5E-05 -12
v 2 -5E-05 -14
v 2 -5E-05 -13
v 2 -5E-05 -12

vt -2 0
vt -2 1
vt -1 0
vt -1 1
vt -2 2
vt -1 2
vt 0 0
vt 0 1
vt 0 2

vn 0 1 0

usemtl ProBuilderDefault
f 269/253/31 270/254/31 268/252/31 267/251/31
f 270/254/31 272/256/31 271/255/31 268/252/31
f 273/257/31 274/258/31 270/254/31 269/253/31
f 274/258/31 275/259/31 272/256/31 270/254/31

g Plane (86)
v 12 5E-05 -6
v 12 5E-05 -5
v 11 5E-05 -6
v 11 5E-05 -5
v 12 5E-05 -4
v 11 5E-05 -4
v 10 5E-05 -6
v 10 5E-05 -5
v 10 5E-05 -4

vt -2 0
vt -2 1
vt -1 0
vt -1 1
vt -2 2
vt -1 2
vt 0 0
vt 0 1
vt 0 2

vn 0 1 0

usemtl ProBuilderDefault
f 278/262/32 279/263/32 277/261/32 276/260/32
f 279/263/32 281/265/32 280/264/32 277/261/32
f 282/266/32 283/267/32 279/263/32 278/262/32
f 283/267/32 284/268/32 281/265/32 279/263/32

g Plane (51)
v 8 5E-05 6
v 8 5E-05 7
v 7 5E-05 6
v 7 5E-05 7
v 8 5E-05 8
v 7 5E-05 8
v 6 5E-05 6
v 6 5E-05 7
v 6 5E-05 8

vt -2 0
vt -2 1
vt -1 0
vt -1 1
vt -2 2
vt -1 2
vt 0 0
vt 0 1
vt 0 2

vn 0 1 0

usemtl ProBuilderDefault
f 287/271/33 288/272/33 286/270/33 285/269/33
f 288/272/33 290/274/33 289/273/33 286/270/33
f 291/275/33 292/276/33 288/272/33 287/271/33
f 292/276/33 293/277/33 290/274/33 288/272/33

g Plane (91)
v -2 0 -4
v -2 0 -3
v -3 0 -4
v -3 0 -3
v -2 0 -2
v -3 0 -2
v -4 0 -4
v -4 0 -3
v -4 0 -2

vt -2 0
vt -2 1
vt -1 0
vt -1 1
vt -2 2
vt -1 2
vt 0 0
vt 0 1
vt 0 2

vn 0 1 0

usemtl ProBuilderDefault
f 296/280/34 297/281/34 295/279/34 294/278/34
f 297/281/34 299/283/34 298/282/34 295/279/34
f 300/284/34 301/285/34 297/281/34 296/280/34
f 301/285/34 302/286/34 299/283/34 297/281/34

g Plane (74)
v -12 5E-05 -8
v -12 5E-05 -7
v -13 5E-05 -8
v -13 5E-05 -7
v -12 5E-05 -6
v -13 5E-05 -6
v -14 5E-05 -8
v -14 5E-05 -7
v -14 5E-05 -6

vt -2 0
vt -2 1
vt -1 0
vt -1 1
vt -2 2
vt -1 2
vt 0 0
vt 0 1
vt 0 2

vn 0 1 0

usemtl ProBuilderDefault
f 305/289/35 306/290/35 304/288/35 303/287/35
f 306/290/35 308/292/35 307/291/35 304/288/35
f 309/293/35 310/294/35 306/290/35 305/289/35
f 310/294/35 311/295/35 308/292/35 306/290/35

g Plane (71)
v 12 5E-05 -8
v 12 5E-05 -7
v 11 5E-05 -8
v 11 5E-05 -7
v 12 5E-05 -6
v 11 5E-05 -6
v 10 5E-05 -8
v 10 5E-05 -7
v 10 5E-05 -6

vt -2 0
vt -2 1
vt -1 0
vt -1 1
vt -2 2
vt -1 2
vt 0 0
vt 0 1
vt 0 2

vn 0 1 0

usemtl ProBuilderDefault
f 314/298/36 315/299/36 313/297/36 312/296/36
f 315/299/36 317/301/36 316/300/36 313/297/36
f 318/302/36 319/303/36 315/299/36 314/298/36
f 319/303/36 320/304/36 317/301/36 315/299/36

g Plane (55)
v 10 -5E-05 6
v 10 -5E-05 7
v 9 -5E-05 6
v 9 -5E-05 7
v 10 -5E-05 8
v 9 -5E-05 8
v 8 -5E-05 6
v 8 -5E-05 7
v 8 -5E-05 8

vt -2 0
vt -2 1
vt -1 0
vt -1 1
vt -2 2
vt -1 2
vt 0 0
vt 0 1
vt 0 2

vn 0 1 0

usemtl ProBuilderDefault
f 323/307/37 324/308/37 322/306/37 321/305/37
f 324/308/37 326/310/37 325/309/37 322/306/37
f 327/311/37 328/312/37 324/308/37 323/307/37
f 328/312/37 329/313/37 326/310/37 324/308/37

g Plane (115)
v 10 -5E-05 -2
v 10 -5E-05 -1
v 9 -5E-05 -2
v 9 -5E-05 -1
v 10 -5E-05 0
v 9 -5E-05 0
v 8 -5E-05 -2
v 8 -5E-05 -1
v 8 -5E-05 0

vt -2 0
vt -2 1
vt -1 0
vt -1 1
vt -2 2
vt -1 2
vt 0 0
vt 0 1
vt 0 2

vn 0 1 0

usemtl ProBuilderDefault
f 332/316/38 333/317/38 331/315/38 330/314/38
f 333/317/38 335/319/38 334/318/38 331/315/38
f 336/320/38 337/321/38 333/317/38 332/316/38
f 337/321/38 338/322/38 335/319/38 333/317/38

g Plane (144)
v -4 5E-05 -14
v -4 5E-05 -13
v -5 5E-05 -14
v -5 5E-05 -13
v -4 5E-05 -12
v -5 5E-05 -12
v -6 5E-05 -14
v -6 5E-05 -13
v -6 5E-05 -12

vt -2 0
vt -2 1
vt -1 0
vt -1 1
vt -2 2
vt -1 2
vt 0 0
vt 0 1
vt 0 2

vn 0 1 0

usemtl ProBuilderDefault
f 341/325/39 342/326/39 340/324/39 339/323/39
f 342/326/39 344/328/39 343/327/39 340/324/39
f 345/329/39 346/330/39 342/326/39 341/325/39
f 346/330/39 347/331/39 344/328/39 342/326/39

g Plane (37)
v -8 3.99995 4
v -8 3.99995 5
v -9 3.99995 4
v -9 3.99995 5
v -8 3.99995 6
v -9 3.99995 6
v -10 3.99995 4
v -10 3.99995 5
v -10 3.99995 6
v -8 -5E-05 5
v -8 -5E-05 6
v -8 0.99995 5
v -8 0.99995 6
v -10 -5E-05 4
v -9 -5E-05 4
v -10 0.99995 4
v -9 0.99995 4
v -9 -5E-05 6
v -10 -5E-05 6
v -9 0.99995 6
v -10 0.99995 6
v -10 -5E-05 5
v -10 0.99995 5
v -8 -5E-05 4
v -8 0.99995 4
v -8 1.99995 5
v -8 1.99995 6
v -10 1.99995 4
v -9 1.99995 4
v -9 1.99995 6
v -10 1.99995 6
v -10 1.99995 5
v -8 1.99995 4
v -8 2.99995 5
v -8 2.99995 6
v -10 2.99995 4
v -9 2.99995 4
v -9 2.99995 6
v -10 2.99995 6
v -10 2.99995 5
v -8 2.99995 4

vt -2 0
vt -2 1
vt -1 0
vt -1 1
vt -2 2
vt -1 2
vt 0 0
vt 0 1
vt 0 2
vt 1 0.0001
vt 1 1.0001
vt 2 0.0001
vt 2 1.0001
vt 1 2.0001
vt 2 2.0001
vt -1 3.0001
vt -2 3.0001
vt 0 3.0001
vt 1 3.0001
vt 2 3.0001
vt -1 4.0001
vt -2 4.0001
vt 0 4.0001
vt 1 4.0001
vt 2 4.0001

vn 0 1 0
vn 1 0 0
vn 0 0 -1
vn 0 0 1
vn -1 0 0

usemtl ProBuilderDefault
f 350/334/40 351/335/40 349/333/40 348/332/40
f 351/335/40 353/337/40 352/336/40 349/333/40
f 354/338/40 355/339/40 351/335/40 350/334/40
f 355/339/40 356/340/40 353/337/40 351/335/40
f 359/335/41 360/333/41 358/332/41 357/334/41
f 363/339/42 364/335/42 362/334/42 361/338/42
f 367/342/43 368/339/43 366/338/43 365/341/43
f 370/342/44 363/339/44 361/338/44 369/341/44
f 372/339/41 359/335/41 357/334/41 371/338/41
f 364/335/42 372/333/42 371/332/42 362/334/42
f 360/344/43 367/342/43 365/341/43 358/343/43
f 368/344/44 370/342/44 369/341/44 366/343/44
f 373/337/41 374/336/41 360/333/41 359/335/41
f 375/340/42 376/337/42 364/335/42 363/339/42
f 377/345/43 378/340/43 368/339/43 367/342/43
f 379/345/44 375/340/44 363/339/44 370/342/44
f 380/340/41 373/337/41 359/335/41 372/339/41
f 376/337/42 380/336/42 372/333/42 364/335/42
f 374/346/43 377/345/43 367/342/43 360/344/43
f 378/346/44 379/345/44 370/342/44 368/344/44
f 381/347/41 382/348/41 374/336/41 373/337/41
f 383/349/42 384/347/42 376/337/42 375/340/42
f 385/350/43 386/349/43 378/340/43 377/345/43
f 387/350/44 383/349/44 375/340/44 379/345/44
f 388/349/41 381/347/41 373/337/41 380/340/41
f 384/347/42 388/348/42 380/336/42 376/337/42
f 382/351/43 385/350/43 377/345/43 374/346/43
f 386/351/44 387/350/44 379/345/44 378/346/44
f 349/352/41 352/353/41 382/348/41 381/347/41
f 354/354/42 350/352/42 384/347/42 383/349/42
f 353/355/43 356/354/43 386/349/43 385/350/43
f 355/355/44 354/354/44 383/349/44 387/350/44
f 348/354/41 349/352/41 381/347/41 388/349/41
f 350/352/42 348/353/42 388/348/42 384/347/42
f 352/356/43 353/355/43 385/350/43 382/351/43
f 356/356/44 355/355/44 387/350/44 386/351/44

g Plane (24)
v -4 5E-05 2
v -4 5E-05 3
v -5 5E-05 2
v -5 5E-05 3
v -4 5E-05 4
v -5 5E-05 4
v -6 5E-05 2
v -6 5E-05 3
v -6 5E-05 4

vt -2 0
vt -2 1
vt -1 0
vt -1 1
vt -2 2
vt -1 2
vt 0 0
vt 0 1
vt 0 2

vn 0 1 0

usemtl ProBuilderDefault
f 391/359/45 392/360/45 390/358/45 389/357/45
f 392/360/45 394/362/45 393/361/45 390/358/45
f 395/363/45 396/364/45 392/360/45 391/359/45
f 396/364/45 397/365/45 394/362/45 392/360/45

g Plane (171)
v 8 5E-05 -10
v 8 5E-05 -9
v 7 5E-05 -10
v 7 5E-05 -9
v 8 5E-05 -8
v 7 5E-05 -8
v 6 5E-05 -10
v 6 5E-05 -9
v 6 5E-05 -8

vt -2 0
vt -2 1
vt -1 0
vt -1 1
vt -2 2
vt -1 2
vt 0 0
vt 0 1
vt 0 2

vn 0 1 0

usemtl ProBuilderDefault
f 400/368/46 401/369/46 399/367/46 398/366/46
f 401/369/46 403/371/46 402/370/46 399/367/46
f 404/372/46 405/373/46 401/369/46 400/368/46
f 405/373/46 406/374/46 403/371/46 401/369/46

g Plane (153)
v 2 0.0001 -12
v 2 0.0001 -11
v 1 0.0001 -12
v 1 0.0001 -11
v 2 0.0001 -10
v 1 0.0001 -10
v 0 0.0001 -12
v 0 0.0001 -11
v 0 0.0001 -10

vt -2 0
vt -2 1
vt -1 0
vt -1 1
vt -2 2
vt -1 2
vt 0 0
vt 0 1
vt 0 2

vn 0 1 0

usemtl ProBuilderDefault
f 409/377/47 410/378/47 408/376/47 407/375/47
f 410/378/47 412/380/47 411/379/47 408/376/47
f 413/381/47 414/382/47 410/378/47 409/377/47
f 414/382/47 415/383/47 412/380/47 410/378/47

g Plane (99)
v -4 5E-05 -4
v -4 5E-05 -3
v -5 5E-05 -4
v -5 5E-05 -3
v -4 5E-05 -2
v -5 5E-05 -2
v -6 5E-05 -4
v -6 5E-05 -3
v -6 5E-05 -2

vt -2 0
vt -2 1
vt -1 0
vt -1 1
vt -2 2
vt -1 2
vt 0 0
vt 0 1
vt 0 2

vn 0 1 0

usemtl ProBuilderDefault
f 418/386/48 419/387/48 417/385/48 416/384/48
f 419/387/48 421/389/48 420/388/48 417/385/48
f 422/390/48 423/391/48 419/387/48 418/386/48
f 423/391/48 424/392/48 421/389/48 419/387/48

g Plane (174)
v -4 5E-05 -10
v -4 5E-05 -9
v -5 5E-05 -10
v -5 5E-05 -9
v -4 5E-05 -8
v -5 5E-05 -8
v -6 5E-05 -10
v -6 5E-05 -9
v -6 5E-05 -8

vt -2 0
vt -2 1
vt -1 0
vt -1 1
vt -2 2
vt -1 2
vt 0 0
vt 0 1
vt 0 2

vn 0 1 0

usemtl ProBuilderDefault
f 427/395/49 428/396/49 426/394/49 425/393/49
f 428/396/49 430/398/49 429/397/49 426/394/49
f 431/399/49 432/400/49 428/396/49 427/395/49
f 432/400/49 433/401/49 430/398/49 428/396/49

g Plane (172)
v -8 -5E-05 -10
v -8 -5E-05 -9
v -9 -5E-05 -10
v -9 -5E-05 -9
v -8 -5E-05 -8
v -9 -5E-05 -8
v -10 -5E-05 -10
v -10 -5E-05 -9
v -10 -5E-05 -8

vt -2 0
vt -2 1
vt -1 0
vt -1 1
vt -2 2
vt -1 2
vt 0 0
vt 0 1
vt 0 2

vn 0 1 0

usemtl ProBuilderDefault
f 436/404/50 437/405/50 435/403/50 434/402/50
f 437/405/50 439/407/50 438/406/50 435/403/50
f 440/408/50 441/409/50 437/405/50 436/404/50
f 441/409/50 442/410/50 439/407/50 437/405/50

g Plane (101)
v 12 5E-05 -4
v 12 5E-05 -3
v 11 5E-05 -4
v 11 5E-05 -3
v 12 5E-05 -2
v 11 5E-05 -2
v 10 5E-05 -4
v 10 5E-05 -3
v 10 5E-05 -2

vt -2 0
vt -2 1
vt -1 0
vt -1 1
vt -2 2
vt -1 2
vt 0 0
vt 0 1
vt 0 2

vn 0 1 0

usemtl ProBuilderDefault
f 445/413/51 446/414/51 444/412/51 443/411/51
f 446/414/51 448/416/51 447/415/51 444/412/51
f 449/417/51 450/418/51 446/414/51 445/413/51
f 450/418/51 451/419/51 448/416/51 446/414/51

g Plane (28)
v -14 -5E-05 2
v -14 -5E-05 3
v -15 -5E-05 2
v -15 -5E-05 3
v -14 -5E-05 4
v -15 -5E-05 4
v -16 -5E-05 2
v -16 -5E-05 3
v -16 -5E-05 4

vt -2 0
vt -2 1
vt -1 0
vt -1 1
vt -2 2
vt -1 2
vt 0 0
vt 0 1
vt 0 2

vn 0 1 0

usemtl ProBuilderDefault
f 454/422/52 455/423/52 453/421/52 452/420/52
f 455/423/52 457/425/52 456/424/52 453/421/52
f 458/426/52 459/427/52 455/423/52 454/422/52
f 459/427/52 460/428/52 457/425/52 455/423/52

g Plane (161)
v 12 5E-05 -12
v 12 5E-05 -11
v 11 5E-05 -12
v 11 5E-05 -11
v 12 5E-05 -10
v 11 5E-05 -10
v 10 5E-05 -12
v 10 5E-05 -11
v 10 5E-05 -10

vt -2 0
vt -2 1
vt -1 0
vt -1 1
vt -2 2
vt -1 2
vt 0 0
vt 0 1
vt 0 2

vn 0 1 0

usemtl ProBuilderDefault
f 463/431/53 464/432/53 462/430/53 461/429/53
f 464/432/53 466/434/53 465/433/53 462/430/53
f 467/435/53 468/436/53 464/432/53 463/431/53
f 468/436/53 469/437/53 466/434/53 464/432/53

g Plane (30)
v -10 5E-05 2
v -10 5E-05 3
v -11 5E-05 2
v -11 5E-05 3
v -10 5E-05 4
v -11 5E-05 4
v -12 5E-05 2
v -12 5E-05 3
v -12 5E-05 4

vt -2 0
vt -2 1
vt -1 0
vt -1 1
vt -2 2
vt -1 2
vt 0 0
vt 0 1
vt 0 2

vn 0 1 0

usemtl ProBuilderDefault
f 472/440/54 473/441/54 471/439/54 470/438/54
f 473/441/54 475/443/54 474/442/54 471/439/54
f 476/444/54 477/445/54 473/441/54 472/440/54
f 477/445/54 478/446/54 475/443/54 473/441/54

g Plane (106)
v -2 0 -2
v -2 0 -1
v -3 0 -2
v -3 0 -1
v -2 0 0
v -3 0 0
v -4 0 -2
v -4 0 -1
v -4 0 0

vt -2 0
vt -2 1
vt -1 0
vt -1 1
vt -2 2
vt -1 2
vt 0 0
vt 0 1
vt 0 2

vn 0 1 0

usemtl ProBuilderDefault
f 481/449/55 482/450/55 480/448/55 479/447/55
f 482/450/55 484/452/55 483/451/55 480/448/55
f 485/453/55 486/454/55 482/450/55 481/449/55
f 486/454/55 487/455/55 484/452/55 482/450/55

g Plane (104)
v -12 5E-05 -4
v -12 5E-05 -3
v -13 5E-05 -4
v -13 5E-05 -3
v -12 5E-05 -2
v -13 5E-05 -2
v -14 5E-05 -4
v -14 5E-05 -3
v -14 5E-05 -2

vt -2 0
vt -2 1
vt -1 0
vt -1 1
vt -2 2
vt -1 2
vt 0 0
vt 0 1
vt 0 2

vn 0 1 0

usemtl ProBuilderDefault
f 490/458/56 491/459/56 489/457/56 488/456/56
f 491/459/56 493/461/56 492/460/56 489/457/56
f 494/462/56 495/463/56 491/459/56 490/458/56
f 495/463/56 496/464/56 493/461/56 491/459/56

g Plane (151)
v -2 0 -12
v -2 0 -11
v -3 0 -12
v -3 0 -11
v -2 0 -10
v -3 0 -10
v -4 0 -12
v -4 0 -11
v -4 0 -10

vt -2 0
vt -2 1
vt -1 0
vt -1 1
vt -2 2
vt -1 2
vt 0 0
vt 0 1
vt 0 2

vn 0 1 0

usemtl ProBuilderDefault
f 499/467/57 500/468/57 498/466/57 497/465/57
f 500/468/57 502/470/57 501/469/57 498/466/57
f 503/471/57 504/472/57 500/468/57 499/467/57
f 504/472/57 505/473/57 502/470/57 500/468/57

g Plane (14)
v -12 5E-05 0
v -12 5E-05 1
v -13 5E-05 0
v -13 5E-05 1
v -12 5E-05 2
v -13 5E-05 2
v -14 5E-05 0
v -14 5E-05 1
v -14 5E-05 2

vt -2 0
vt -2 1
vt -1 0
vt -1 1
vt -2 2
vt -1 2
vt 0 0
vt 0 1
vt 0 2

vn 0 1 0

usemtl ProBuilderDefault
f 508/476/58 509/477/58 507/475/58 506/474/58
f 509/477/58 511/479/58 510/478/58 507/475/58
f 512/480/58 513/481/58 509/477/58 508/476/58
f 513/481/58 514/482/58 511/479/58 509/477/58

g Plane (134)
v -12 5E-05 -16
v -12 5E-05 -15
v -13 5E-05 -16
v -13 5E-05 -15
v -12 5E-05 -14
v -13 5E-05 -14
v -14 5E-05 -16
v -14 5E-05 -15
v -14 5E-05 -14

vt -2 0
vt -2 1
vt -1 0
vt -1 1
vt -2 2
vt -1 2
vt 0 0
vt 0 1
vt 0 2

vn 0 1 0

usemtl ProBuilderDefault
f 517/485/59 518/486/59 516/484/59 515/483/59
f 518/486/59 520/488/59 519/487/59 516/484/59
f 521/489/59 522/490/59 518/486/59 517/485/59
f 522/490/59 523/491/59 520/488/59 518/486/59

g Plane (128)
v -6 5E-05 -16
v -6 5E-05 -15
v -7 5E-05 -16
v -7 5E-05 -15
v -6 5E-05 -14
v -7 5E-05 -14
v -8 5E-05 -16
v -8 5E-05 -15
v -8 5E-05 -14

vt -2 0
vt -2 1
vt -1 0
vt -1 1
vt -2 2
vt -1 2
vt 0 0
vt 0 1
vt 0 2

vn 0 1 0

usemtl ProBuilderDefault
f 526/494/60 527/495/60 525/493/60 524/492/60
f 527/495/60 529/497/60 528/496/60 525/493/60
f 530/498/60 531/499/60 527/495/60 526/494/60
f 531/499/60 532/500/60 529/497/60 527/495/60

g Plane (8)
v -6 5E-05 0
v -6 5E-05 1
v -7 5E-05 0
v -7 5E-05 1
v -6 5E-05 2
v -7 5E-05 2
v -8 5E-05 0
v -8 5E-05 1
v -8 5E-05 2

vt -2 0
vt -2 1
vt -1 0
vt -1 1
vt -2 2
vt -1 2
vt 0 0
vt 0 1
vt 0 2

vn 0 1 0

usemtl ProBuilderDefault
f 535/503/61 536/504/61 534/502/61 533/501/61
f 536/504/61 538/506/61 537/505/61 534/502/61
f 539/507/61 540/508/61 536/504/61 535/503/61
f 540/508/61 541/509/61 538/506/61 536/504/61

g Plane (68)
v -6 5E-05 -8
v -6 5E-05 -7
v -7 5E-05 -8
v -7 5E-05 -7
v -6 5E-05 -6
v -7 5E-05 -6
v -8 5E-05 -8
v -8 5E-05 -7
v -8 5E-05 -6

vt -2 0
vt -2 1
vt -1 0
vt -1 1
vt -2 2
vt -1 2
vt 0 0
vt 0 1
vt 0 2

vn 0 1 0

usemtl ProBuilderDefault
f 544/512/62 545/513/62 543/511/62 542/510/62
f 545/513/62 547/515/62 546/514/62 543/511/62
f 548/516/62 549/517/62 545/513/62 544/512/62
f 549/517/62 550/518/62 547/515/62 545/513/62

g Plane (179)
v -12 5E-05 -10
v -12 5E-05 -9
v -13 5E-05 -10
v -13 5E-05 -9
v -12 5E-05 -8
v -13 5E-05 -8
v -14 5E-05 -10
v -14 5E-05 -9
v -14 5E-05 -8

vt -2 0
vt -2 1
vt -1 0
vt -1 1
vt -2 2
vt -1 2
vt 0 0
vt 0 1
vt 0 2

vn 0 1 0

usemtl ProBuilderDefault
f 553/521/63 554/522/63 552/520/63 551/519/63
f 554/522/63 556/524/63 555/523/63 552/520/63
f 557/525/63 558/526/63 554/522/63 553/521/63
f 558/526/63 559/527/63 556/524/63 554/522/63

g Plane (80)
v 6 4.00005 -6
v 6 4.00005 -5
v 5 4.00005 -6
v 5 4.00005 -5
v 6 4.00005 -4
v 5 4.00005 -4
v 4 4.00005 -6
v 4 4.00005 -5
v 4 4.00005 -4
v 6 5E-05 -5
v 6 5E-05 -4
v 5 5E-05 -4
v 4 5E-05 -5
v 4 5E-05 -6
v 4 5E-05 -4
v 5 5E-05 -6
v 6 5E-05 -6
v 6 1.00005 -5
v 6 1.00005 -4
v 5 1.00005 -4
v 4 1.00005 -5
v 4 1.00005 -6
v 4 1.00005 -4
v 5 1.00005 -6
v 6 1.00005 -6
v 6 2.00005 -5
v 6 2.00005 -4
v 5 2.00005 -4
v 4 2.00005 -5
v 4 2.00005 -6
v 4 2.00005 -4
v 5 2.00005 -6
v 6 2.00005 -6
v 6 3.00005 -5
v 6 3.00005 -4
v 5 3.00005 -4
v 4 3.00005 -5
v 4 3.00005 -6
v 4 3.00005 -4
v 5 3.00005 -6
v 6 3.00005 -6

vt -2 0
vt -2 1
vt -1 0
vt -1 1
vt -2 2
vt -1 2
vt 0 0
vt 0 1
vt 0 2
vt 2 0.0001000679
vt 1 0.0001000679
vt 2 1.0001
vt 1 1.0001
vt 2 2.0001
vt 1 2.0001
vt -1 3.0001
vt -2 3.0001
vt 2 3.0001
vt 1 3.0001
vt 0 3.0001
vt -1 4.0001
vt -2 4.0001
vt 2 4.0001
vt 1 4.0001
vt 0 4.0001

vn 0 1 0
vn 0 0 0
vn 1 0 0
vn 0 0 1
vn -1 0 0
vn 0 0 -1

usemtl ProBuilderDefault
f 562/530/64 563/531/64 561/529/64 560/528/64
f 563/531/64 565/533/64 564/532/64 561/529/64
f 566/534/64 567/535/64 563/531/64 562/530/64
f 567/535/64 568/536/64 565/533/64 563/531/64
f 569/529/65 570/532/65 570/532/65 569/529/65
f 570/532/65 571/533/65 571/533/65 570/532/65
f 572/535/65 573/534/65 573/534/65 572/535/65
f 571/533/65 574/536/65 574/536/65 571/533/65
f 574/536/65 572/535/65 572/535/65 574/536/65
f 573/534/65 575/530/65 575/530/65 573/534/65
f 576/528/65 569/529/65 569/529/65 576/528/65
f 575/530/65 576/528/65 576/528/65 575/530/65
f 577/531/66 578/529/66 570/528/66 569/530/66
f 578/539/67 579/540/67 571/538/67 570/537/67
f 580/540/68 581/535/68 573/534/68 572/538/68
f 579/540/67 582/535/67 574/534/67 571/538/67
f 582/539/68 580/540/68 572/538/68 574/537/68
f 581/535/69 583/531/69 575/530/69 573/534/69
f 584/535/66 577/531/66 569/530/66 576/534/66
f 583/531/69 584/529/69 576/528/69 575/530/69
f 585/533/66 586/532/66 578/529/66 577/531/66
f 586/541/67 587/542/67 579/540/67 578/539/67
f 588/542/68 589/536/68 581/535/68 580/540/68
f 587/542/67 590/536/67 582/535/67 579/540/67
f 590/541/68 588/542/68 580/540/68 582/539/68
f 589/536/69 591/533/69 583/531/69 581/535/69
f 592/536/66 585/533/66 577/531/66 584/535/66
f 591/533/69 592/532/69 584/529/69 583/531/69
f 593/543/66 594/544/66 586/532/66 585/533/66
f 594/545/67 595/546/67 587/542/67 586/541/67
f 596/546/68 597/547/68 589/536/68 588/542/68
f 595/546/67 598/547/67 590/536/67 587/542/67
f 598/545/68 596/546/68 588/542/68 590/541/68
f 597/547/69 599/543/69 591/533/69 589/536/69
f 600/547/66 593/543/66 585/533/66 592/536/66
f 599/543/69 600/544/69 592/532/69 591/533/69
f 561/548/66 564/549/66 594/544/66 593/543/66
f 564/550/67 565/551/67 595/546/67 594/545/67
f 567/551/68 566/552/68 597/547/68 596/546/68
f 565/551/67 568/552/67 598/547/67 595/546/67
f 568/550/68 567/551/68 596/546/68 598/545/68
f 566/552/69 562/548/69 599/543/69 597/547/69
f 560/552/66 561/548/66 593/543/66 600/547/66
f 562/548/69 560/549/69 600/544/69 599/543/69

g Plane (143)
v -6 5E-05 -14
v -6 5E-05 -13
v -7 5E-05 -14
v -7 5E-05 -13
v -6 5E-05 -12
v -7 5E-05 -12
v -8 5E-05 -14
v -8 5E-05 -13
v -8 5E-05 -12

vt -2 0
vt -2 1
vt -1 0
vt -1 1
vt -2 2
vt -1 2
vt 0 0
vt 0 1
vt 0 2

vn 0 1 0

usemtl ProBuilderDefault
f 603/555/70 604/556/70 602/554/70 601/553/70
f 604/556/70 606/558/70 605/557/70 602/554/70
f 607/559/70 608/560/70 604/556/70 603/555/70
f 608/560/70 609/561/70 606/558/70 604/556/70

g Plane (159)
v -4 5E-05 -12
v -4 5E-05 -11
v -5 5E-05 -12
v -5 5E-05 -11
v -4 5E-05 -10
v -5 5E-05 -10
v -6 5E-05 -12
v -6 5E-05 -11
v -6 5E-05 -10

vt -2 0
vt -2 1
vt -1 0
vt -1 1
vt -2 2
vt -1 2
vt 0 0
vt 0 1
vt 0 2

vn 0 1 0

usemtl ProBuilderDefault
f 612/564/71 613/565/71 611/563/71 610/562/71
f 613/565/71 615/567/71 614/566/71 611/563/71
f 616/568/71 617/569/71 613/565/71 612/564/71
f 617/569/71 618/570/71 615/567/71 613/565/71

g Plane (114)
v -4 5E-05 -2
v -4 5E-05 -1
v -5 5E-05 -2
v -5 5E-05 -1
v -4 5E-05 0
v -5 5E-05 0
v -6 5E-05 -2
v -6 5E-05 -1
v -6 5E-05 0

vt -2 0
vt -2 1
vt -1 0
vt -1 1
vt -2 2
vt -1 2
vt 0 0
vt 0 1
vt 0 2

vn 0 1 0

usemtl ProBuilderDefault
f 621/573/72 622/574/72 620/572/72 619/571/72
f 622/574/72 624/576/72 623/575/72 620/572/72
f 625/577/72 626/578/72 622/574/72 621/573/72
f 626/578/72 627/579/72 624/576/72 622/574/72

g Plane (81)
v 8 5E-05 -6
v 8 5E-05 -5
v 7 5E-05 -6
v 7 5E-05 -5
v 8 5E-05 -4
v 7 5E-05 -4
v 6 5E-05 -6
v 6 5E-05 -5
v 6 5E-05 -4

vt -2 0
vt -2 1
vt -1 0
vt -1 1
vt -2 2
vt -1 2
vt 0 0
vt 0 1
vt 0 2

vn 0 1 0

usemtl ProBuilderDefault
f 630/582/73 631/583/73 629/581/73 628/580/73
f 631/583/73 633/585/73 632/584/73 629/581/73
f 634/586/73 635/587/73 631/583/73 630/582/73
f 635/587/73 636/588/73 633/585/73 631/583/73

g Plane (124)
v 4 -5E-05 -16
v 4 -5E-05 -15
v 3 -5E-05 -16
v 3 -5E-05 -15
v 4 -5E-05 -14
v 3 -5E-05 -14
v 2 -5E-05 -16
v 2 -5E-05 -15
v 2 -5E-05 -14

vt -2 0
vt -2 1
vt -1 0
vt -1 1
vt -2 2
vt -1 2
vt 0 0
vt 0 1
vt 0 2

vn 0 1 0

usemtl ProBuilderDefault
f 639/591/74 640/592/74 638/590/74 637/589/74
f 640/592/74 642/594/74 641/593/74 638/590/74
f 643/595/74 644/596/74 640/592/74 639/591/74
f 644/596/74 645/597/74 642/594/74 640/592/74

g Plane (113)
v -6 5E-05 -2
v -6 5E-05 -1
v -7 5E-05 -2
v -7 5E-05 -1
v -6 5E-05 0
v -7 5E-05 0
v -8 5E-05 -2
v -8 5E-05 -1
v -8 5E-05 0

vt -2 0
vt -2 1
vt -1 0
vt -1 1
vt -2 2
vt -1 2
vt 0 0
vt 0 1
vt 0 2

vn 0 1 0

usemtl ProBuilderDefault
f 648/600/75 649/601/75 647/599/75 646/598/75
f 649/601/75 651/603/75 650/602/75 647/599/75
f 652/604/75 653/605/75 649/601/75 648/600/75
f 653/605/75 654/606/75 651/603/75 649/601/75

g Plane (110)
v 6 5E-05 -2
v 6 5E-05 -1
v 5 5E-05 -2
v 5 5E-05 -1
v 6 5E-05 0
v 5 5E-05 0
v 4 5E-05 -2
v 4 5E-05 -1
v 4 5E-05 0

vt -2 0
vt -2 1
vt -1 0
vt -1 1
vt -2 2
vt -1 2
vt 0 0
vt 0 1
vt 0 2

vn 0 1 0

usemtl ProBuilderDefault
f 657/609/76 658/610/76 656/608/76 655/607/76
f 658/610/76 660/612/76 659/611/76 656/608/76
f 661/613/76 662/614/76 658/610/76 657/609/76
f 662/614/76 663/615/76 660/612/76 658/610/76

g Plane (63)
v 2 0.0001 -8
v 2 0.0001 -7
v 1 0.0001 -8
v 1 0.0001 -7
v 2 0.0001 -6
v 1 0.0001 -6
v 0 0.0001 -8
v 0 0.0001 -7
v 0 0.0001 -6

vt -2 0
vt -2 1
vt -1 0
vt -1 1
vt -2 2
vt -1 2
vt 0 0
vt 0 1
vt 0 2

vn 0 1 0

usemtl ProBuilderDefault
f 666/618/77 667/619/77 665/617/77 664/616/77
f 667/619/77 669/621/77 668/620/77 665/617/77
f 670/622/77 671/623/77 667/619/77 666/618/77
f 671/623/77 672/624/77 669/621/77 667/619/77

g Plane (168)
v 2 0.0001 -10
v 2 0.0001 -9
v 1 0.0001 -10
v 1 0.0001 -9
v 2 0.0001 -8
v 1 0.0001 -8
v 0 0.0001 -10
v 0 0.0001 -9
v 0 0.0001 -8

vt -2 0
vt -2 1
vt -1 0
vt -1 1
vt -2 2
vt -1 2
vt 0 0
vt 0 1
vt 0 2

vn 0 1 0

usemtl ProBuilderDefault
f 675/627/78 676/628/78 674/626/78 673/625/78
f 676/628/78 678/630/78 677/629/78 674/626/78
f 679/631/78 680/632/78 676/628/78 675/627/78
f 680/632/78 681/633/78 678/630/78 676/628/78

g Plane (140)
v 6 5E-05 -14
v 6 5E-05 -13
v 5 5E-05 -14
v 5 5E-05 -13
v 6 5E-05 -12
v 5 5E-05 -12
v 4 5E-05 -14
v 4 5E-05 -13
v 4 5E-05 -12

vt -2 0
vt -2 1
vt -1 0
vt -1 1
vt -2 2
vt -1 2
vt 0 0
vt 0 1
vt 0 2

vn 0 1 0

usemtl ProBuilderDefault
f 684/636/79 685/637/79 683/635/79 682/634/79
f 685/637/79 687/639/79 686/638/79 683/635/79
f 688/640/79 689/641/79 685/637/79 684/636/79
f 689/641/79 690/642/79 687/639/79 685/637/79

g Plane (22)
v -8 3.99995 2
v -8 3.99995 3
v -9 3.99995 2
v -9 3.99995 3
v -8 3.99995 4
v -9 3.99995 4
v -10 3.99995 2
v -10 3.99995 3
v -10 3.99995 4
v -8 -5E-05 3
v -8 -5E-05 4
v -8 0.99995 3
v -8 0.99995 4
v -10 -5E-05 2
v -9 -5E-05 2
v -10 0.99995 2
v -9 0.99995 2
v -9 -5E-05 4
v -10 -5E-05 4
v -9 0.99995 4
v -10 0.99995 4
v -10 -5E-05 3
v -10 0.99995 3
v -8 -5E-05 2
v -8 0.99995 2
v -8 1.99995 3
v -8 1.99995 4
v -10 1.99995 2
v -9 1.99995 2
v -9 1.99995 4
v -10 1.99995 4
v -10 1.99995 3
v -8 1.99995 2
v -8 2.99995 3
v -8 2.99995 4
v -10 2.99995 2
v -9 2.99995 2
v -9 2.99995 4
v -10 2.99995 4
v -10 2.99995 3
v -8 2.99995 2

vt -2 0
vt -2 1
vt -1 0
vt -1 1
vt -2 2
vt -1 2
vt 0 0
vt 0 1
vt 0 2
vt 1 0.0001
vt 1 1.0001
vt 2 0.0001
vt 2 1.0001
vt 1 2.0001
vt 2 2.0001
vt -1 3.0001
vt -2 3.0001
vt 0 3.0001
vt 1 3.0001
vt 2 3.0001
vt -1 4.0001
vt -2 4.0001
vt 0 4.0001
vt 1 4.0001
vt 2 4.0001

vn 0 1 0
vn 1 0 0
vn 0 0 -1
vn 0 0 1
vn -1 0 0

usemtl ProBuilderDefault
f 693/645/80 694/646/80 692/644/80 691/643/80
f 694/646/80 696/648/80 695/647/80 692/644/80
f 697/649/80 698/650/80 694/646/80 693/645/80
f 698/650/80 699/651/80 696/648/80 694/646/80
f 702/646/81 703/644/81 701/643/81 700/645/81
f 706/650/82 707/646/82 705/645/82 704/649/82
f 710/653/83 711/650/83 709/649/83 708/652/83
f 713/653/84 706/650/84 704/649/84 712/652/84
f 715/650/81 702/646/81 700/645/81 714/649/81
f 707/646/82 715/644/82 714/643/82 705/645/82
f 703/655/83 710/653/83 708/652/83 701/654/83
f 711/655/84 713/653/84 712/652/84 709/654/84
f 716/648/81 717/647/81 703/644/81 702/646/81
f 718/651/82 719/648/82 707/646/82 706/650/82
f 720/656/83 721/651/83 711/650/83 710/653/83
f 722/656/84 718/651/84 706/650/84 713/653/84
f 723/651/81 716/648/81 702/646/81 715/650/81
f 719/648/82 723/647/82 715/644/82 707/646/82
f 717/657/83 720/656/83 710/653/83 703/655/83
f 721/657/84 722/656/84 713/653/84 711/655/84
f 724/658/81 725/659/81 717/647/81 716/648/81
f 726/660/82 727/658/82 719/648/82 718/651/82
f 728/661/83 729/660/83 721/651/83 720/656/83
f 730/661/84 726/660/84 718/651/84 722/656/84
f 731/660/81 724/658/81 716/648/81 723/651/81
f 727/658/82 731/659/82 723/647/82 719/648/82
f 725/662/83 728/661/83 720/656/83 717/657/83
f 729/662/84 730/661/84 722/656/84 721/657/84
f 692/663/81 695/664/81 725/659/81 724/658/81
f 697/665/82 693/663/82 727/658/82 726/660/82
f 696/666/83 699/665/83 729/660/83 728/661/83
f 698/666/84 697/665/84 726/660/84 730/661/84
f 691/665/81 692/663/81 724/658/81 731/660/81
f 693/663/82 691/664/82 731/659/82 727/658/82
f 695/667/83 696/666/83 728/661/83 725/662/83
f 699/667/84 698/666/84 730/661/84 729/662/84

g Plane (136)
v -2 0 -14
v -2 0 -13
v -3 0 -14
v -3 0 -13
v -2 0 -12
v -3 0 -12
v -4 0 -14
v -4 0 -13
v -4 0 -12

vt -2 0
vt -2 1
vt -1 0
vt -1 1
vt -2 2
vt -1 2
vt 0 0
vt 0 1
vt 0 2

vn 0 1 0

usemtl ProBuilderDefault
f 734/670/85 735/671/85 733/669/85 732/668/85
f 735/671/85 737/673/85 736/672/85 733/669/85
f 738/674/85 739/675/85 735/671/85 734/670/85
f 739/675/85 740/676/85 737/673/85 735/671/85

g Plane (107)
v 0 0.0001 -2
v 0 0.0001 -1
v -1 0.0001 -2
v -1 0.0001 -1
v 0 0.0001 0
v -1 0.0001 0
v -2 0.0001 -2
v -2 0.0001 -1
v -2 0.0001 0

vt -2 0
vt -2 1
vt -1 0
vt -1 1
vt -2 2
vt -1 2
vt 0 0
vt 0 1
vt 0 2

vn 0 1 0

usemtl ProBuilderDefault
f 743/679/86 744/680/86 742/678/86 741/677/86
f 744/680/86 746/682/86 745/681/86 742/678/86
f 747/683/86 748/684/86 744/680/86 743/679/86
f 748/684/86 749/685/86 746/682/86 744/680/86

g Plane (162)
v 14 5E-05 -12
v 14 5E-05 -11
v 13 5E-05 -12
v 13 5E-05 -11
v 14 5E-05 -10
v 13 5E-05 -10
v 12 5E-05 -12
v 12 5E-05 -11
v 12 5E-05 -10

vt -2 0
vt -2 1
vt -1 0
vt -1 1
vt -2 2
vt -1 2
vt 0 0
vt 0 1
vt 0 2

vn 0 1 0

usemtl ProBuilderDefault
f 752/688/87 753/689/87 751/687/87 750/686/87
f 753/689/87 755/691/87 754/690/87 751/687/87
f 756/692/87 757/693/87 753/689/87 752/688/87
f 757/693/87 758/694/87 755/691/87 753/689/87

g Plane (76)
v -2 0 -6
v -2 0 -5
v -3 0 -6
v -3 0 -5
v -2 0 -4
v -3 0 -4
v -4 0 -6
v -4 0 -5
v -4 0 -4

vt -2 0
vt -2 1
vt -1 0
vt -1 1
vt -2 2
vt -1 2
vt 0 0
vt 0 1
vt 0 2

vn 0 1 0

usemtl ProBuilderDefault
f 761/697/88 762/698/88 760/696/88 759/695/88
f 762/698/88 764/700/88 763/699/88 760/696/88
f 765/701/88 766/702/88 762/698/88 761/697/88
f 766/702/88 767/703/88 764/700/88 762/698/88

g Plane (69)
v -4 5E-05 -8
v -4 5E-05 -7
v -5 5E-05 -8
v -5 5E-05 -7
v -4 5E-05 -6
v -5 5E-05 -6
v -6 5E-05 -8
v -6 5E-05 -7
v -6 5E-05 -6

vt -2 0
vt -2 1
vt -1 0
vt -1 1
vt -2 2
vt -1 2
vt 0 0
vt 0 1
vt 0 2

vn 0 1 0

usemtl ProBuilderDefault
f 770/706/89 771/707/89 769/705/89 768/704/89
f 771/707/89 773/709/89 772/708/89 769/705/89
f 774/710/89 775/711/89 771/707/89 770/706/89
f 775/711/89 776/712/89 773/709/89 771/707/89

g Plane (1)
v -2 0 0
v -2 0 1
v -3 0 0
v -3 0 1
v -2 0 2
v -3 0 2
v -4 0 0
v -4 0 1
v -4 0 2

vt -2 0
vt -2 1
vt -1 0
vt -1 1
vt -2 2
vt -1 2
vt 0 0
vt 0 1
vt 0 2

vn 0 1 0

usemtl ProBuilderDefault
f 779/715/90 780/716/90 778/714/90 777/713/90
f 780/716/90 782/718/90 781/717/90 778/714/90
f 783/719/90 784/720/90 780/716/90 779/715/90
f 784/720/90 785/721/90 782/718/90 780/716/90

g Plane (132)
v 14 5E-05 -16
v 14 5E-05 -15
v 13 5E-05 -16
v 13 5E-05 -15
v 14 5E-05 -14
v 13 5E-05 -14
v 12 5E-05 -16
v 12 5E-05 -15
v 12 5E-05 -14

vt -2 0
vt -2 1
vt -1 0
vt -1 1
vt -2 2
vt -1 2
vt 0 0
vt 0 1
vt 0 2

vn 0 1 0

usemtl ProBuilderDefault
f 788/724/91 789/725/91 787/723/91 786/722/91
f 789/725/91 791/727/91 790/726/91 787/723/91
f 792/728/91 793/729/91 789/725/91 788/724/91
f 793/729/91 794/730/91 791/727/91 789/725/91

g Plane (177)
v 14 5E-05 -10
v 14 5E-05 -9
v 13 5E-05 -10
v 13 5E-05 -9
v 14 5E-05 -8
v 13 5E-05 -8
v 12 5E-05 -10
v 12 5E-05 -9
v 12 5E-05 -8

vt -2 0
vt -2 1
vt -1 0
vt -1 1
vt -2 2
vt -1 2
vt 0 0
vt 0 1
vt 0 2

vn 0 1 0

usemtl ProBuilderDefault
f 797/733/92 798/734/92 796/732/92 795/731/92
f 798/734/92 800/736/92 799/735/92 796/732/92
f 801/737/92 802/738/92 798/734/92 797/733/92
f 802/738/92 803/739/92 800/736/92 798/734/92

g Plane (57)
v 14 5E-05 6
v 14 5E-05 7
v 13 5E-05 6
v 13 5E-05 7
v 14 5E-05 8
v 13 5E-05 8
v 12 5E-05 6
v 12 5E-05 7
v 12 5E-05 8

vt -2 0
vt -2 1
vt -1 0
vt -1 1
vt -2 2
vt -1 2
vt 0 0
vt 0 1
vt 0 2

vn 0 1 0

usemtl ProBuilderDefault
f 806/742/93 807/743/93 805/741/93 804/740/93
f 807/743/93 809/745/93 808/744/93 805/741/93
f 810/746/93 811/747/93 807/743/93 806/742/93
f 811/747/93 812/748/93 809/745/93 807/743/93

g Plane (2)
v 0 0.0001 0
v 0 0.0001 1
v -1 0.0001 0
v -1 0.0001 1
v 0 0.0001 2
v -1 0.0001 2
v -2 0.0001 0
v -2 0.0001 1
v -2 0.0001 2

vt -2 0
vt -2 1
vt -1 0
vt -1 1
vt -2 2
vt -1 2
vt 0 0
vt 0 1
vt 0 2

vn 0 1 0

usemtl ProBuilderDefault
f 815/751/94 816/752/94 814/750/94 813/749/94
f 816/752/94 818/754/94 817/753/94 814/750/94
f 819/755/94 820/756/94 816/752/94 815/751/94
f 820/756/94 821/757/94 818/754/94 816/752/94

g Plane (178)
v -14 -5E-05 -10
v -14 -5E-05 -9
v -15 -5E-05 -10
v -15 -5E-05 -9
v -14 -5E-05 -8
v -15 -5E-05 -8
v -16 -5E-05 -10
v -16 -5E-05 -9
v -16 -5E-05 -8

vt -2 0
vt -2 1
vt -1 0
vt -1 1
vt -2 2
vt -1 2
vt 0 0
vt 0 1
vt 0 2

vn 0 1 0

usemtl ProBuilderDefault
f 824/760/95 825/761/95 823/759/95 822/758/95
f 825/761/95 827/763/95 826/762/95 823/759/95
f 828/764/95 829/765/95 825/761/95 824/760/95
f 829/765/95 830/766/95 827/763/95 825/761/95

g Plane (137)
v 0 0.0001 -14
v 0 0.0001 -13
v -1 0.0001 -14
v -1 0.0001 -13
v 0 0.0001 -12
v -1 0.0001 -12
v -2 0.0001 -14
v -2 0.0001 -13
v -2 0.0001 -12

vt -2 0
vt -2 1
vt -1 0
vt -1 1
vt -2 2
vt -1 2
vt 0 0
vt 0 1
vt 0 2

vn 0 1 0

usemtl ProBuilderDefault
f 833/769/96 834/770/96 832/768/96 831/767/96
f 834/770/96 836/772/96 835/771/96 832/768/96
f 837/773/96 838/774/96 834/770/96 833/769/96
f 838/774/96 839/775/96 836/772/96 834/770/96

g Plane (145)
v 10 -5E-05 -14
v 10 -5E-05 -13
v 9 -5E-05 -14
v 9 -5E-05 -13
v 10 -5E-05 -12
v 9 -5E-05 -12
v 8 -5E-05 -14
v 8 -5E-05 -13
v 8 -5E-05 -12

vt -2 0
vt -2 1
vt -1 0
vt -1 1
vt -2 2
vt -1 2
vt 0 0
vt 0 1
vt 0 2

vn 0 1 0

usemtl ProBuilderDefault
f 842/778/97 843/779/97 841/777/97 840/776/97
f 843/779/97 845/781/97 844/780/97 841/777/97
f 846/782/97 847/783/97 843/779/97 842/778/97
f 847/783/97 848/784/97 845/781/97 843/779/97

g Plane (53)
v -6 5E-05 6
v -6 5E-05 7
v -7 5E-05 6
v -7 5E-05 7
v -6 5E-05 8
v -7 5E-05 8
v -8 5E-05 6
v -8 5E-05 7
v -8 5E-05 8

vt -2 0
vt -2 1
vt -1 0
vt -1 1
vt -2 2
vt -1 2
vt 0 0
vt 0 1
vt 0 2

vn 0 1 0

usemtl ProBuilderDefault
f 851/787/98 852/788/98 850/786/98 849/785/98
f 852/788/98 854/790/98 853/789/98 850/786/98
f 855/791/98 856/792/98 852/788/98 851/787/98
f 856/792/98 857/793/98 854/790/98 852/788/98

g Plane (47)
v 0 0.0001 6
v 0 0.0001 7
v -1 0.0001 6
v -1 0.0001 7
v 0 0.0001 8
v -1 0.0001 8
v -2 0.0001 6
v -2 0.0001 7
v -2 0.0001 8

vt -2 0
vt -2 1
vt -1 0
vt -1 1
vt -2 2
vt -1 2
vt 0 0
vt 0 1
vt 0 2

vn 0 1 0

usemtl ProBuilderDefault
f 860/796/99 861/797/99 859/795/99 858/794/99
f 861/797/99 863/799/99 862/798/99 859/795/99
f 864/800/99 865/801/99 861/797/99 860/796/99
f 865/801/99 866/802/99 863/799/99 861/797/99

g Plane (59)
v -12 5E-05 6
v -12 5E-05 7
v -13 5E-05 6
v -13 5E-05 7
v -12 5E-05 8
v -13 5E-05 8
v -14 5E-05 6
v -14 5E-05 7
v -14 5E-05 8

vt -2 0
vt -2 1
vt -1 0
vt -1 1
vt -2 2
vt -1 2
vt 0 0
vt 0 1
vt 0 2

vn 0 1 0

usemtl ProBuilderDefault
f 869/805/100 870/806/100 868/804/100 867/803/100
f 870/806/100 872/808/100 871/807/100 868/804/100
f 873/809/100 874/810/100 870/806/100 869/805/100
f 874/810/100 875/811/100 872/808/100 870/806/100

g Plane (26)
v 12 5E-05 2
v 12 5E-05 3
v 11 5E-05 2
v 11 5E-05 3
v 12 5E-05 4
v 11 5E-05 4
v 10 5E-05 2
v 10 5E-05 3
v 10 5E-05 4

vt -2 0
vt -2 1
vt -1 0
vt -1 1
vt -2 2
vt -1 2
vt 0 0
vt 0 1
vt 0 2

vn 0 1 0

usemtl ProBuilderDefault
f 878/814/101 879/815/101 877/813/101 876/812/101
f 879/815/101 881/817/101 880/816/101 877/813/101
f 882/818/101 883/819/101 879/815/101 878/814/101
f 883/819/101 884/820/101 881/817/101 879/815/101

g Plane (130)
v 10 -5E-05 -16
v 10 -5E-05 -15
v 9 -5E-05 -16
v 9 -5E-05 -15
v 10 -5E-05 -14
v 9 -5E-05 -14
v 8 -5E-05 -16
v 8 -5E-05 -15
v 8 -5E-05 -14

vt -2 0
vt -2 1
vt -1 0
vt -1 1
vt -2 2
vt -1 2
vt 0 0
vt 0 1
vt 0 2

vn 0 1 0

usemtl ProBuilderDefault
f 887/823/102 888/824/102 886/822/102 885/821/102
f 888/824/102 890/826/102 889/825/102 886/822/102
f 891/827/102 892/828/102 888/824/102 887/823/102
f 892/828/102 893/829/102 890/826/102 888/824/102

g Plane (96)
v 8 5E-05 -4
v 8 5E-05 -3
v 7 5E-05 -4
v 7 5E-05 -3
v 8 5E-05 -2
v 7 5E-05 -2
v 6 5E-05 -4
v 6 5E-05 -3
v 6 5E-05 -2

vt -2 0
vt -2 1
vt -1 0
vt -1 1
vt -2 2
vt -1 2
vt 0 0
vt 0 1
vt 0 2

vn 0 1 0

usemtl ProBuilderDefault
f 896/832/103 897/833/103 895/831/103 894/830/103
f 897/833/103 899/835/103 898/834/103 895/831/103
f 900/836/103 901/837/103 897/833/103 896/832/103
f 901/837/103 902/838/103 899/835/103 897/833/103

g Plane (122)
v 0 0.0001 -16
v 0 0.0001 -15
v -1 0.0001 -16
v -1 0.0001 -15
v 0 0.0001 -14
v -1 0.0001 -14
v -2 0.0001 -16
v -2 0.0001 -15
v -2 0.0001 -14

vt -2 0
vt -2 1
vt -1 0
vt -1 1
vt -2 2
vt -1 2
vt 0 0
vt 0 1
vt 0 2

vn 0 1 0

usemtl ProBuilderDefault
f 905/841/104 906/842/104 904/840/104 903/839/104
f 906/842/104 908/844/104 907/843/104 904/840/104
f 909/845/104 910/846/104 906/842/104 905/841/104
f 910/846/104 911/847/104 908/844/104 906/842/104

g Plane (65)
v 6 5E-05 -8
v 6 5E-05 -7
v 5 5E-05 -8
v 5 5E-05 -7
v 6 5E-05 -6
v 5 5E-05 -6
v 4 5E-05 -8
v 4 5E-05 -7
v 4 5E-05 -6

vt -2 0
vt -2 1
vt -1 0
vt -1 1
vt -2 2
vt -1 2
vt 0 0
vt 0 1
vt 0 2

vn 0 1 0

usemtl ProBuilderDefault
f 914/850/105 915/851/105 913/849/105 912/848/105
f 915/851/105 917/853/105 916/852/105 913/849/105
f 918/854/105 919/855/105 915/851/105 914/850/105
f 919/855/105 920/856/105 917/853/105 915/851/105

g Plane (157)
v -8 -5E-05 -12
v -8 -5E-05 -11
v -9 -5E-05 -12
v -9 -5E-05 -11
v -8 -5E-05 -10
v -9 -5E-05 -10
v -10 -5E-05 -12
v -10 -5E-05 -11
v -10 -5E-05 -10

vt -2 0
vt -2 1
vt -1 0
vt -1 1
vt -2 2
vt -1 2
vt 0 0
vt 0 1
vt 0 2

vn 0 1 0

usemtl ProBuilderDefault
f 923/859/106 924/860/106 922/858/106 921/857/106
f 924/860/106 926/862/106 925/861/106 922/858/106
f 927/863/106 928/864/106 924/860/106 923/859/106
f 928/864/106 929/865/106 926/862/106 924/860/106

g Plane (141)
v 8 5E-05 -14
v 8 5E-05 -13
v 7 5E-05 -14
v 7 5E-05 -13
v 8 5E-05 -12
v 7 5E-05 -12
v 6 5E-05 -14
v 6 5E-05 -13
v 6 5E-05 -12

vt -2 0
vt -2 1
vt -1 0
vt -1 1
vt -2 2
vt -1 2
vt 0 0
vt 0 1
vt 0 2

vn 0 1 0

usemtl ProBuilderDefault
f 932/868/107 933/869/107 931/867/107 930/866/107
f 933/869/107 935/871/107 934/870/107 931/867/107
f 936/872/107 937/873/107 933/869/107 932/868/107
f 937/873/107 938/874/107 935/871/107 933/869/107

g Plane (165)
v -10 5E-05 -12
v -10 5E-05 -11
v -11 5E-05 -12
v -11 5E-05 -11
v -10 5E-05 -10
v -11 5E-05 -10
v -12 5E-05 -12
v -12 5E-05 -11
v -12 5E-05 -10

vt -2 0
vt -2 1
vt -1 0
vt -1 1
vt -2 2
vt -1 2
vt 0 0
vt 0 1
vt 0 2

vn 0 1 0

usemtl ProBuilderDefault
f 941/877/108 942/878/108 940/876/108 939/875/108
f 942/878/108 944/880/108 943/879/108 940/876/108
f 945/881/108 946/882/108 942/878/108 941/877/108
f 946/882/108 947/883/108 944/880/108 942/878/108

g Plane (164)
v -12 5E-05 -12
v -12 5E-05 -11
v -13 5E-05 -12
v -13 5E-05 -11
v -12 5E-05 -10
v -13 5E-05 -10
v -14 5E-05 -12
v -14 5E-05 -11
v -14 5E-05 -10

vt -2 0
vt -2 1
vt -1 0
vt -1 1
vt -2 2
vt -1 2
vt 0 0
vt 0 1
vt 0 2

vn 0 1 0

usemtl ProBuilderDefault
f 950/886/109 951/887/109 949/885/109 948/884/109
f 951/887/109 953/889/109 952/888/109 949/885/109
f 954/890/109 955/891/109 951/887/109 950/886/109
f 955/891/109 956/892/109 953/889/109 951/887/109

g Plane (126)
v 8 5E-05 -16
v 8 5E-05 -15
v 7 5E-05 -16
v 7 5E-05 -15
v 8 5E-05 -14
v 7 5E-05 -14
v 6 5E-05 -16
v 6 5E-05 -15
v 6 5E-05 -14

vt -2 0
vt -2 1
vt -1 0
vt -1 1
vt -2 2
vt -1 2
vt 0 0
vt 0 1
vt 0 2

vn 0 1 0

usemtl ProBuilderDefault
f 959/895/110 960/896/110 958/894/110 957/893/110
f 960/896/110 962/898/110 961/897/110 958/894/110
f 963/899/110 964/900/110 960/896/110 959/895/110
f 964/900/110 965/901/110 962/898/110 960/896/110

g Plane (52)
v -8 -5E-05 6
v -8 -5E-05 7
v -9 -5E-05 6
v -9 -5E-05 7
v -8 -5E-05 8
v -9 -5E-05 8
v -10 -5E-05 6
v -10 -5E-05 7
v -10 -5E-05 8

vt -2 0
vt -2 1
vt -1 0
vt -1 1
vt -2 2
vt -1 2
vt 0 0
vt 0 1
vt 0 2

vn 0 1 0

usemtl ProBuilderDefault
f 968/904/111 969/905/111 967/903/111 966/902/111
f 969/905/111 971/907/111 970/906/111 967/903/111
f 972/908/111 973/909/111 969/905/111 968/904/111
f 973/909/111 974/910/111 971/907/111 969/905/111

g Plane (78)
v 2 0.0001 -6
v 2 0.0001 -5
v 1 0.0001 -6
v 1 0.0001 -5
v 2 0.0001 -4
v 1 0.0001 -4
v 0 0.0001 -6
v 0 0.0001 -5
v 0 0.0001 -4

vt -2 0
vt -2 1
vt -1 0
vt -1 1
vt -2 2
vt -1 2
vt 0 0
vt 0 1
vt 0 2

vn 0 1 0

usemtl ProBuilderDefault
f 977/913/112 978/914/112 976/912/112 975/911/112
f 978/914/112 980/916/112 979/915/112 976/912/112
f 981/917/112 982/918/112 978/914/112 977/913/112
f 982/918/112 983/919/112 980/916/112 978/914/112

g Plane (85)
v 10 -5E-05 -6
v 10 -5E-05 -5
v 9 -5E-05 -6
v 9 -5E-05 -5
v 10 -5E-05 -4
v 9 -5E-05 -4
v 8 -5E-05 -6
v 8 -5E-05 -5
v 8 -5E-05 -4

vt -2 0
vt -2 1
vt -1 0
vt -1 1
vt -2 2
vt -1 2
vt 0 0
vt 0 1
vt 0 2

vn 0 1 0

usemtl ProBuilderDefault
f 986/922/113 987/923/113 985/921/113 984/920/113
f 987/923/113 989/925/113 988/924/113 985/921/113
f 990/926/113 991/927/113 987/923/113 986/922/113
f 991/927/113 992/928/113 989/925/113 987/923/113

g Plane (79)
v 4 3.99995 -6
v 4 3.99995 -5
v 3 3.99995 -6
v 3 3.99995 -5
v 4 3.99995 -4
v 3 3.99995 -4
v 2 3.99995 -6
v 2 3.99995 -5
v 2 3.99995 -4
v 4 -5E-05 -6
v 4 -5E-05 -5
v 3 -5E-05 -6
v 4 -5E-05 -4
v 3 -5E-05 -4
v 2 -5E-05 -6
v 2 -5E-05 -5
v 2 -5E-05 -4
v 4 0.9999499 -6
v 4 0.9999499 -5
v 3 0.9999499 -6
v 4 0.9999499 -4
v 3 0.9999499 -4
v 2 0.9999499 -6
v 2 0.9999499 -5
v 2 0.9999499 -4
v 4 1.99995 -6
v 4 1.99995 -5
v 3 1.99995 -6
v 4 1.99995 -4
v 3 1.99995 -4
v 2 1.99995 -6
v 2 1.99995 -5
v 2 1.99995 -4
v 4 2.99995 -6
v 4 2.99995 -5
v 3 2.99995 -6
v 4 2.99995 -4
v 3 2.99995 -4
v 2 2.99995 -6
v 2 2.99995 -5
v 2 2.99995 -4

vt -2 0
vt -2 1
vt -1 0
vt -1 1
vt -2 2
vt -1 2
vt 0 0
vt 0 1
vt 0 2
vt 2 9.993209E-05
vt 1 9.993209E-05
vt 2 1.0001
vt 1 1.0001
vt 2 2.0001
vt 1 2.0001
vt 0 3.0001
vt -1 3.0001
vt -2 3.0001
vt 2 3.0001
vt 1 3.0001
vt 0 4.0001
vt -1 4.0001
vt -2 4.0001
vt 2 4.0001
vt 1 4.0001

vn 0 1 0
vn 0 0 0
vn 1 0 0
vn 0 0 -1
vn 0 0 1
vn -1 0 0

usemtl ProBuilderDefault
f 995/931/114 996/932/114 994/930/114 993/929/114
f 996/932/114 998/934/114 997/933/114 994/930/114
f 999/935/114 1000/936/114 996/932/114 995/931/114
f 1000/936/114 1001/937/114 998/934/114 996/932/114
f 1002/929/115 1003/930/115 1003/930/115 1002/929/115
f 1004/931/115 1002/929/115 1002/929/115 1004/931/115
f 1005/933/115 1006/934/115 1006/934/115 1005/933/115
f 1007/935/115 1004/931/115 1004/931/115 1007/935/115
f 1003/930/115 1005/933/115 1005/933/115 1003/930/115
f 1008/936/115 1007/935/115 1007/935/115 1008/936/115
f 1006/934/115 1009/937/115 1009/937/115 1006/934/115
f 1009/937/115 1008/936/115 1008/936/115 1009/937/115
f 1010/936/116 1011/932/116 1003/931/116 1002/935/116
f 1012/932/117 1010/930/117 1002/929/117 1004/931/117
f 1013/940/118 1014/941/118 1006/939/118 1005/938/118
f 1015/936/117 1012/932/117 1004/931/117 1007/935/117
f 1011/932/116 1013/930/116 1005/929/116 1003/931/116
f 1016/941/119 1015/936/119 1007/935/119 1008/939/119
f 1014/941/118 1017/936/118 1009/935/118 1006/939/118
f 1017/940/119 1016/941/119 1008/939/119 1009/938/119
f 1018/937/116 1019/934/116 1011/932/116 1010/936/116
f 1020/934/117 1018/933/117 1010/930/117 1012/932/117
f 1021/942/118 1022/943/118 1014/941/118 1013/940/118
f 1023/937/117 1020/934/117 1012/932/117 1015/936/117
f 1019/934/116 1021/933/116 1013/930/116 1011/932/116
f 1024/943/119 1023/937/119 1015/936/119 1016/941/119
f 1022/943/118 1025/937/118 1017/936/118 1014/941/118
f 1025/942/119 1024/943/119 1016/941/119 1017/940/119
f 1026/944/116 1027/945/116 1019/934/116 1018/937/116
f 1028/945/117 1026/946/117 1018/933/117 1020/934/117
f 1029/947/118 1030/948/118 1022/943/118 1021/942/118
f 1031/944/117 1028/945/117 1020/934/117 1023/937/117
f 1027/945/116 1029/946/116 1021/933/116 1019/934/116
f 1032/948/119 1031/944/119 1023/937/119 1024/943/119
f 1030/948/118 1033/944/118 1025/937/118 1022/943/118
f 1033/947/119 1032/948/119 1024/943/119 1025/942/119
f 993/949/116 994/950/116 1027/945/116 1026/944/116
f 995/950/117 993/951/117 1026/946/117 1028/945/117
f 997/952/118 998/953/118 1030/948/118 1029/947/118
f 999/949/117 995/950/117 1028/945/117 1031/944/117
f 994/950/116 997/951/116 1029/946/116 1027/945/116
f 1000/953/119 999/949/119 1031/944/119 1032/948/119
f 998/953/118 1001/949/118 1033/944/118 1030/948/118
f 1001/952/119 1000/953/119 1032/948/119 1033/947/119

g Plane (170)
v 6 5E-05 -10
v 6 5E-05 -9
v 5 5E-05 -10
v 5 5E-05 -9
v 6 5E-05 -8
v 5 5E-05 -8
v 4 5E-05 -10
v 4 5E-05 -9
v 4 5E-05 -8

vt -2 0
vt -2 1
vt -1 0
vt -1 1
vt -2 2
vt -1 2
vt 0 0
vt 0 1
vt 0 2

vn 0 1 0

usemtl ProBuilderDefault
f 1036/956/120 1037/957/120 1035/955/120 1034/954/120
f 1037/957/120 1039/959/120 1038/958/120 1035/955/120
f 1040/960/120 1041/961/120 1037/957/120 1036/956/120
f 1041/961/120 1042/962/120 1039/959/120 1037/957/120

g Plane (118)
v -14 -5E-05 -2
v -14 -5E-05 -1
v -15 -5E-05 -2
v -15 -5E-05 -1
v -14 -5E-05 0
v -15 -5E-05 0
v -16 -5E-05 -2
v -16 -5E-05 -1
v -16 -5E-05 0

vt -2 0
vt -2 1
vt -1 0
vt -1 1
vt -2 2
vt -1 2
vt 0 0
vt 0 1
vt 0 2

vn 0 1 0

usemtl ProBuilderDefault
f 1045/965/121 1046/966/121 1044/964/121 1043/963/121
f 1046/966/121 1048/968/121 1047/967/121 1044/964/121
f 1049/969/121 1050/970/121 1046/966/121 1045/965/121
f 1050/970/121 1051/971/121 1048/968/121 1046/966/121

g Plane (4)
v 4 -5E-05 0
v 4 -5E-05 1
v 3 -5E-05 0
v 3 -5E-05 1
v 4 -5E-05 2
v 3 -5E-05 2
v 2 -5E-05 0
v 2 -5E-05 1
v 2 -5E-05 2

vt -2 0
vt -2 1
vt -1 0
vt -1 1
vt -2 2
vt -1 2
vt 0 0
vt 0 1
vt 0 2

vn 0 1 0

usemtl ProBuilderDefault
f 1054/974/122 1055/975/122 1053/973/122 1052/972/122
f 1055/975/122 1057/977/122 1056/976/122 1053/973/122
f 1058/978/122 1059/979/122 1055/975/122 1054/974/122
f 1059/979/122 1060/980/122 1057/977/122 1055/975/122

g Plane (27)
v 14 5E-05 2
v 14 5E-05 3
v 13 5E-05 2
v 13 5E-05 3
v 14 5E-05 4
v 13 5E-05 4
v 12 5E-05 2
v 12 5E-05 3
v 12 5E-05 4

vt -2 0
vt -2 1
vt -1 0
vt -1 1
vt -2 2
vt -1 2
vt 0 0
vt 0 1
vt 0 2

vn 0 1 0

usemtl ProBuilderDefault
f 1063/983/123 1064/984/123 1062/982/123 1061/981/123
f 1064/984/123 1066/986/123 1065/985/123 1062/982/123
f 1067/987/123 1068/988/123 1064/984/123 1063/983/123
f 1068/988/123 1069/989/123 1066/986/123 1064/984/123

g Plane (93)
v 2 0.0001 -4
v 2 0.0001 -3
v 1 0.0001 -4
v 1 0.0001 -3
v 2 0.0001 -2
v 1 0.0001 -2
v 0 0.0001 -4
v 0 0.0001 -3
v 0 0.0001 -2

vt -2 0
vt -2 1
vt -1 0
vt -1 1
vt -2 2
vt -1 2
vt 0 0
vt 0 1
vt 0 2

vn 0 1 0

usemtl ProBuilderDefault
f 1072/992/124 1073/993/124 1071/991/124 1070/990/124
f 1073/993/124 1075/995/124 1074/994/124 1071/991/124
f 1076/996/124 1077/997/124 1073/993/124 1072/992/124
f 1077/997/124 1078/998/124 1075/995/124 1073/993/124

g Plane (29)
v -12 5E-05 2
v -12 5E-05 3
v -13 5E-05 2
v -13 5E-05 3
v -12 5E-05 4
v -13 5E-05 4
v -14 5E-05 2
v -14 5E-05 3
v -14 5E-05 4

vt -2 0
vt -2 1
vt -1 0
vt -1 1
vt -2 2
vt -1 2
vt 0 0
vt 0 1
vt 0 2

vn 0 1 0

usemtl ProBuilderDefault
f 1081/1001/125 1082/1002/125 1080/1000/125 1079/999/125
f 1082/1002/125 1084/1004/125 1083/1003/125 1080/1000/125
f 1085/1005/125 1086/1006/125 1082/1002/125 1081/1001/125
f 1086/1006/125 1087/1007/125 1084/1004/125 1082/1002/125

g Plane (119)
v -12 5E-05 -2
v -12 5E-05 -1
v -13 5E-05 -2
v -13 5E-05 -1
v -12 5E-05 0
v -13 5E-05 0
v -14 5E-05 -2
v -14 5E-05 -1
v -14 5E-05 0

vt -2 0
vt -2 1
vt -1 0
vt -1 1
vt -2 2
vt -1 2
vt 0 0
vt 0 1
vt 0 2

vn 0 1 0

usemtl ProBuilderDefault
f 1090/1010/126 1091/1011/126 1089/1009/126 1088/1008/126
f 1091/1011/126 1093/1013/126 1092/1012/126 1089/1009/126
f 1094/1014/126 1095/1015/126 1091/1011/126 1090/1010/126
f 1095/1015/126 1096/1016/126 1093/1013/126 1091/1011/126

g Plane (45)
v -10 5E-05 4
v -10 5E-05 5
v -11 5E-05 4
v -11 5E-05 5
v -10 5E-05 6
v -11 5E-05 6
v -12 5E-05 4
v -12 5E-05 5
v -12 5E-05 6

vt -2 0
vt -2 1
vt -1 0
vt -1 1
vt -2 2
vt -1 2
vt 0 0
vt 0 1
vt 0 2

vn 0 1 0

usemtl ProBuilderDefault
f 1099/1019/127 1100/1020/127 1098/1018/127 1097/1017/127
f 1100/1020/127 1102/1022/127 1101/1021/127 1098/1018/127
f 1103/1023/127 1104/1024/127 1100/1020/127 1099/1019/127
f 1104/1024/127 1105/1025/127 1102/1022/127 1100/1020/127

g Plane (125)
v 6 5E-05 -16
v 6 5E-05 -15
v 5 5E-05 -16
v 5 5E-05 -15
v 6 5E-05 -14
v 5 5E-05 -14
v 4 5E-05 -16
v 4 5E-05 -15
v 4 5E-05 -14

vt -2 0
vt -2 1
vt -1 0
vt -1 1
vt -2 2
vt -1 2
vt 0 0
vt 0 1
vt 0 2

vn 0 1 0

usemtl ProBuilderDefault
f 1108/1028/128 1109/1029/128 1107/1027/128 1106/1026/128
f 1109/1029/128 1111/1031/128 1110/1030/128 1107/1027/128
f 1112/1032/128 1113/1033/128 1109/1029/128 1108/1028/128
f 1113/1033/128 1114/1034/128 1111/1031/128 1109/1029/128

g Plane (58)
v -14 -5E-05 6
v -14 -5E-05 7
v -15 -5E-05 6
v -15 -5E-05 7
v -14 -5E-05 8
v -15 -5E-05 8
v -16 -5E-05 6
v -16 -5E-05 7
v -16 -5E-05 8

vt -2 0
vt -2 1
vt -1 0
vt -1 1
vt -2 2
vt -1 2
vt 0 0
vt 0 1
vt 0 2

vn 0 1 0

usemtl ProBuilderDefault
f 1117/1037/129 1118/1038/129 1116/1036/129 1115/1035/129
f 1118/1038/129 1120/1040/129 1119/1039/129 1116/1036/129
f 1121/1041/129 1122/1042/129 1118/1038/129 1117/1037/129
f 1122/1042/129 1123/1043/129 1120/1040/129 1118/1038/129

g Plane (13)
v -14 -5E-05 0
v -14 -5E-05 1
v -15 -5E-05 0
v -15 -5E-05 1
v -14 -5E-05 2
v -15 -5E-05 2
v -16 -5E-05 0
v -16 -5E-05 1
v -16 -5E-05 2

vt -2 0
vt -2 1
vt -1 0
vt -1 1
vt -2 2
vt -1 2
vt 0 0
vt 0 1
vt 0 2

vn 0 1 0

usemtl ProBuilderDefault
f 1126/1046/130 1127/1047/130 1125/1045/130 1124/1044/130
f 1127/1047/130 1129/1049/130 1128/1048/130 1125/1045/130
f 1130/1050/130 1131/1051/130 1127/1047/130 1126/1046/130
f 1131/1051/130 1132/1052/130 1129/1049/130 1127/1047/130

g Plane (21)
v 8 5E-05 2
v 8 5E-05 3
v 7 5E-05 2
v 7 5E-05 3
v 8 5E-05 4
v 7 5E-05 4
v 6 5E-05 2
v 6 5E-05 3
v 6 5E-05 4

vt -2 0
vt -2 1
vt -1 0
vt -1 1
vt -2 2
vt -1 2
vt 0 0
vt 0 1
vt 0 2

vn 0 1 0

usemtl ProBuilderDefault
f 1135/1055/131 1136/1056/131 1134/1054/131 1133/1053/131
f 1136/1056/131 1138/1058/131 1137/1057/131 1134/1054/131
f 1139/1059/131 1140/1060/131 1136/1056/131 1135/1055/131
f 1140/1060/131 1141/1061/131 1138/1058/131 1136/1056/131

g Plane (84)
v -4 5E-05 -6
v -4 5E-05 -5
v -5 5E-05 -6
v -5 5E-05 -5
v -4 5E-05 -4
v -5 5E-05 -4
v -6 5E-05 -6
v -6 5E-05 -5
v -6 5E-05 -4

vt -2 0
vt -2 1
vt -1 0
vt -1 1
vt -2 2
vt -1 2
vt 0 0
vt 0 1
vt 0 2

vn 0 1 0

usemtl ProBuilderDefault
f 1144/1064/132 1145/1065/132 1143/1063/132 1142/1062/132
f 1145/1065/132 1147/1067/132 1146/1066/132 1143/1063/132
f 1148/1068/132 1149/1069/132 1145/1065/132 1144/1064/132
f 1149/1069/132 1150/1070/132 1147/1067/132 1145/1065/132

g Plane (54)
v -4 5E-05 6
v -4 5E-05 7
v -5 5E-05 6
v -5 5E-05 7
v -4 5E-05 8
v -5 5E-05 8
v -6 5E-05 6
v -6 5E-05 7
v -6 5E-05 8

vt -2 0
vt -2 1
vt -1 0
vt -1 1
vt -2 2
vt -1 2
vt 0 0
vt 0 1
vt 0 2

vn 0 1 0

usemtl ProBuilderDefault
f 1153/1073/133 1154/1074/133 1152/1072/133 1151/1071/133
f 1154/1074/133 1156/1076/133 1155/1075/133 1152/1072/133
f 1157/1077/133 1158/1078/133 1154/1074/133 1153/1073/133
f 1158/1078/133 1159/1079/133 1156/1076/133 1154/1074/133

g Plane (121)
v -2 0 -16
v -2 0 -15
v -3 0 -16
v -3 0 -15
v -2 0 -14
v -3 0 -14
v -4 0 -16
v -4 0 -15
v -4 0 -14

vt -2 0
vt -2 1
vt -1 0
vt -1 1
vt -2 2
vt -1 2
vt 0 0
vt 0 1
vt 0 2

vn 0 1 0

usemtl ProBuilderDefault
f 1162/1082/134 1163/1083/134 1161/1081/134 1160/1080/134
f 1163/1083/134 1165/1085/134 1164/1084/134 1161/1081/134
f 1166/1086/134 1167/1087/134 1163/1083/134 1162/1082/134
f 1167/1087/134 1168/1088/134 1165/1085/134 1163/1083/134

g Plane (90)
v -10 5E-05 -6
v -10 5E-05 -5
v -11 5E-05 -6
v -11 5E-05 -5
v -10 5E-05 -4
v -11 5E-05 -4
v -12 5E-05 -6
v -12 5E-05 -5
v -12 5E-05 -4

vt -2 0
vt -2 1
vt -1 0
vt -1 1
vt -2 2
vt -1 2
vt 0 0
vt 0 1
vt 0 2

vn 0 1 0

usemtl ProBuilderDefault
f 1171/1091/135 1172/1092/135 1170/1090/135 1169/1089/135
f 1172/1092/135 1174/1094/135 1173/1093/135 1170/1090/135
f 1175/1095/135 1176/1096/135 1172/1092/135 1171/1091/135
f 1176/1096/135 1177/1097/135 1174/1094/135 1172/1092/135

g Plane (83)
v -6 4.00005 -6
v -6 4.00005 -5
v -7 4.00005 -6
v -7 4.00005 -5
v -6 4.00005 -4
v -7 4.00005 -4
v -8 4.00005 -6
v -8 4.00005 -5
v -8 4.00005 -4
v -6 5E-05 -5
v -6 5E-05 -4
v -6 1.00005 -5
v -6 1.00005 -4
v -8 5E-05 -6
v -7 5E-05 -6
v -8 1.00005 -6
v -7 1.00005 -6
v -7 5E-05 -4
v -8 5E-05 -4
v -7 1.00005 -4
v -8 1.00005 -4
v -8 5E-05 -5
v -8 1.00005 -5
v -6 5E-05 -6
v -6 1.00005 -6
v -6 2.00005 -5
v -6 2.00005 -4
v -8 2.00005 -6
v -7 2.00005 -6
v -7 2.00005 -4
v -8 2.00005 -4
v -8 2.00005 -5
v -6 2.00005 -6
v -6 3.00005 -5
v -6 3.00005 -4
v -8 3.00005 -6
v -7 3.00005 -6
v -7 3.00005 -4
v -8 3.00005 -4
v -8 3.00005 -5
v -6 3.00005 -6

vt -2 0
vt -2 1
vt -1 0
vt -1 1
vt -2 2
vt -1 2
vt 0 0
vt 0 1
vt 0 2
vt 1 0.0001
vt 1 1.0001
vt 2 0.0001
vt 2 1.0001
vt 1 2.0001
vt 2 2.0001
vt -1 3.0001
vt -2 3.0001
vt 0 3.0001
vt 1 3.0001
vt 2 3.0001
vt -1 4.0001
vt -2 4.0001
vt 0 4.0001
vt 1 4.0001
vt 2 4.0001

vn 0 1 0
vn 1 0 0
vn 0 0 -1
vn 0 0 1
vn -1 0 0

usemtl ProBuilderDefault
f 1180/1100/136 1181/1101/136 1179/1099/136 1178/1098/136
f 1181/1101/136 1183/1103/136 1182/1102/136 1179/1099/136
f 1184/1104/136 1185/1105/136 1181/1101/136 1180/1100/136
f 1185/1105/136 1186/1106/136 1183/1103/136 1181/1101/136
f 1189/1101/137 1190/1099/137 1188/1098/137 1187/1100/137
f 1193/1105/138 1194/1101/138 1192/1100/138 1191/1104/138
f 1197/1108/139 1198/1105/139 1196/1104/139 1195/1107/139
f 1200/1108/140 1193/1105/140 1191/1104/140 1199/1107/140
f 1202/1105/137 1189/1101/137 1187/1100/137 1201/1104/137
f 1194/1101/138 1202/1099/138 1201/1098/138 1192/1100/138
f 1190/1110/139 1197/1108/139 1195/1107/139 1188/1109/139
f 1198/1110/140 1200/1108/140 1199/1107/140 1196/1109/140
f 1203/1103/137 1204/1102/137 1190/1099/137 1189/1101/137
f 1205/1106/138 1206/1103/138 1194/1101/138 1193/1105/138
f 1207/1111/139 1208/1106/139 1198/1105/139 1197/1108/139
f 1209/1111/140 1205/1106/140 1193/1105/140 1200/1108/140
f 1210/1106/137 1203/1103/137 1189/1101/137 1202/1105/137
f 1206/1103/138 1210/1102/138 1202/1099/138 1194/1101/138
f 1204/1112/139 1207/1111/139 1197/1108/139 1190/1110/139
f 1208/1112/140 1209/1111/140 1200/1108/140 1198/1110/140
f 1211/1113/137 1212/1114/137 1204/1102/137 1203/1103/137
f 1213/1115/138 1214/1113/138 1206/1103/138 1205/1106/138
f 1215/1116/139 1216/1115/139 1208/1106/139 1207/1111/139
f 1217/1116/140 1213/1115/140 1205/1106/140 1209/1111/140
f 1218/1115/137 1211/1113/137 1203/1103/137 1210/1106/137
f 1214/1113/138 1218/1114/138 1210/1102/138 1206/1103/138
f 1212/1117/139 1215/1116/139 1207/1111/139 1204/1112/139
f 1216/1117/140 1217/1116/140 1209/1111/140 1208/1112/140
f 1179/1118/137 1182/1119/137 1212/1114/137 1211/1113/137
f 1184/1120/138 1180/1118/138 1214/1113/138 1213/1115/138
f 1183/1121/139 1186/1120/139 1216/1115/139 1215/1116/139
f 1185/1121/140 1184/1120/140 1213/1115/140 1217/1116/140
f 1178/1120/137 1179/1118/137 1211/1113/137 1218/1115/137
f 1180/1118/138 1178/1119/138 1218/1114/138 1214/1113/138
f 1182/1122/139 1183/1121/139 1215/1116/139 1212/1117/139
f 1186/1122/140 1185/1121/140 1217/1116/140 1216/1117/140

g Plane (34)
v 4 3.999925 4
v 4 3.999925 5
v 3 3.999925 4
v 3 3.999925 5
v 4 3.999925 6
v 3 3.999925 6
v 2 3.999925 4
v 2 3.999925 5
v 2 3.999925 6
v 4 -5E-05 4
v 4 -5E-05 5
v 4 0.999925 4
v 4 0.999925 5
v 2 -5E-05 5
v 2 -5E-05 4
v 2 0.999925 5
v 2 0.999925 4
v 3 -5E-05 6
v 2 -5E-05 6
v 3 0.999925 6
v 2 0.999925 6
v 4 -5E-05 6
v 4 0.999925 6
v 3 -5E-05 4
v 3 0.999925 4
v 4 1.999925 4
v 4 1.999925 5
v 2 1.999925 5
v 2 1.999925 4
v 3 1.999925 6
v 2 1.999925 6
v 4 1.999925 6
v 3 1.999925 4
v 4 2.999925 4
v 4 2.999925 5
v 2 2.999925 5
v 2 2.999925 4
v 3 2.999925 6
v 2 2.999925 6
v 4 2.999925 6
v 3 2.999925 4

vt -2 0
vt -2 1
vt -1 0
vt -1 1
vt -2 2
vt -1 2
vt 0 0
vt 0 1
vt 0 2
vt 1 0.0001
vt 1 1.000075
vt 2 0.0001
vt 2 1.000075
vt 1 2.000075
vt 2 2.000075
vt 0 3.000075
vt -1 3.000075
vt 1 3.000075
vt 2 3.000075
vt -2 3.000075
vt 0 4.000075
vt -1 4.000075
vt 1 4.000075
vt 2 4.000075
vt -2 4.000075

vn 0 1 0
vn 1 0 0
vn -1 0 0
vn 0 0 1
vn 0 0 -1

usemtl ProBuilderDefault
f 1221/1125/141 1222/1126/141 1220/1124/141 1219/1123/141
f 1222/1126/141 1224/1128/141 1223/1127/141 1220/1124/141
f 1225/1129/141 1226/1130/141 1222/1126/141 1221/1125/141
f 1226/1130/141 1227/1131/141 1224/1128/141 1222/1126/141
f 1230/1130/142 1231/1126/142 1229/1125/142 1228/1129/142
f 1234/1133/143 1235/1130/143 1233/1129/143 1232/1132/143
f 1238/1133/144 1239/1130/144 1237/1129/144 1236/1132/144
f 1239/1135/143 1234/1133/143 1232/1132/143 1237/1134/143
f 1231/1126/142 1241/1124/142 1240/1123/142 1229/1125/142
f 1235/1130/145 1243/1126/145 1242/1125/145 1233/1129/145
f 1241/1135/144 1238/1133/144 1236/1132/144 1240/1134/144
f 1243/1126/145 1230/1124/145 1228/1123/145 1242/1125/145
f 1244/1131/142 1245/1128/142 1231/1126/142 1230/1130/142
f 1246/1136/143 1247/1131/143 1235/1130/143 1234/1133/143
f 1248/1136/144 1249/1131/144 1239/1130/144 1238/1133/144
f 1249/1137/143 1246/1136/143 1234/1133/143 1239/1135/143
f 1245/1128/142 1250/1127/142 1241/1124/142 1231/1126/142
f 1247/1131/145 1251/1128/145 1243/1126/145 1235/1130/145
f 1250/1137/144 1248/1136/144 1238/1133/144 1241/1135/144
f 1251/1128/145 1244/1127/145 1230/1124/145 1243/1126/145
f 1252/1138/142 1253/1139/142 1245/1128/142 1244/1131/142
f 1254/1140/143 1255/1138/143 1247/1131/143 1246/1136/143
f 1256/1140/144 1257/1138/144 1249/1131/144 1248/1136/144
f 1257/1141/143 1254/1140/143 1246/1136/143 1249/1137/143
f 1253/1139/142 1258/1142/142 1250/1127/142 1245/1128/142
f 1255/1138/145 1259/1139/145 1251/1128/145 1247/1131/145
f 1258/1141/144 1256/1140/144 1248/1136/144 1250/1137/144
f 1259/1139/145 1252/1142/145 1244/1127/145 1251/1128/145
f 1219/1143/142 1220/1144/142 1253/1139/142 1252/1138/142
f 1226/1145/143 1225/1143/143 1255/1138/143 1254/1140/143
f 1224/1145/144 1227/1143/144 1257/1138/144 1256/1140/144
f 1227/1146/143 1226/1145/143 1254/1140/143 1257/1141/143
f 1220/1144/142 1223/1147/142 1258/1142/142 1253/1139/142
f 1225/1143/145 1221/1144/145 1259/1139/145 1255/1138/145
f 1223/1146/144 1224/1145/144 1256/1140/144 1258/1141/144
f 1221/1144/145 1219/1147/145 1252/1142/145 1259/1139/145

g Plane (156)
v 8 5E-05 -12
v 8 5E-05 -11
v 7 5E-05 -12
v 7 5E-05 -11
v 8 5E-05 -10
v 7 5E-05 -10
v 6 5E-05 -12
v 6 5E-05 -11
v 6 5E-05 -10

vt -2 0
vt -2 1
vt -1 0
vt -1 1
vt -2 2
vt -1 2
vt 0 0
vt 0 1
vt 0 2

vn 0 1 0

usemtl ProBuilderDefault
f 1262/1150/146 1263/1151/146 1261/1149/146 1260/1148/146
f 1263/1151/146 1265/1153/146 1264/1152/146 1261/1149/146
f 1266/1154/146 1267/1155/146 1263/1151/146 1262/1150/146
f 1267/1155/146 1268/1156/146 1265/1153/146 1263/1151/146

g Plane (64)
v 4 -5E-05 -8
v 4 -5E-05 -7
v 3 -5E-05 -8
v 3 -5E-05 -7
v 4 -5E-05 -6
v 3 -5E-05 -6
v 2 -5E-05 -8
v 2 -5E-05 -7
v 2 -5E-05 -6

vt -2 0
vt -2 1
vt -1 0
vt -1 1
vt -2 2
vt -1 2
vt 0 0
vt 0 1
vt 0 2

vn 0 1 0

usemtl ProBuilderDefault
f 1271/1159/147 1272/1160/147 1270/1158/147 1269/1157/147
f 1272/1160/147 1274/1162/147 1273/1161/147 1270/1158/147
f 1275/1163/147 1276/1164/147 1272/1160/147 1271/1159/147
f 1276/1164/147 1277/1165/147 1274/1162/147 1272/1160/147

g Plane (70)
v 10 -5E-05 -8
v 10 -5E-05 -7
v 9 -5E-05 -8
v 9 -5E-05 -7
v 10 -5E-05 -6
v 9 -5E-05 -6
v 8 -5E-05 -8
v 8 -5E-05 -7
v 8 -5E-05 -6

vt -2 0
vt -2 1
vt -1 0
vt -1 1
vt -2 2
vt -1 2
vt 0 0
vt 0 1
vt 0 2

vn 0 1 0

usemtl ProBuilderDefault
f 1280/1168/148 1281/1169/148 1279/1167/148 1278/1166/148
f 1281/1169/148 1283/1171/148 1282/1170/148 1279/1167/148
f 1284/1172/148 1285/1173/148 1281/1169/148 1280/1168/148
f 1285/1173/148 1286/1174/148 1283/1171/148 1281/1169/148

g Plane (152)
v 0 0.0001 -12
v 0 0.0001 -11
v -1 0.0001 -12
v -1 0.0001 -11
v 0 0.0001 -10
v -1 0.0001 -10
v -2 0.0001 -12
v -2 0.0001 -11
v -2 0.0001 -10

vt -2 0
vt -2 1
vt -1 0
vt -1 1
vt -2 2
vt -1 2
vt 0 0
vt 0 1
vt 0 2

vn 0 1 0

usemtl ProBuilderDefault
f 1289/1177/149 1290/1178/149 1288/1176/149 1287/1175/149
f 1290/1178/149 1292/1180/149 1291/1179/149 1288/1176/149
f 1293/1181/149 1294/1182/149 1290/1178/149 1289/1177/149
f 1294/1182/149 1295/1183/149 1292/1180/149 1290/1178/149

g Plane (19)
v 4 3.999925 2
v 4 3.999925 3
v 3 3.999925 2
v 3 3.999925 3
v 4 3.999925 4
v 3 3.999925 4
v 2 3.999925 2
v 2 3.999925 3
v 2 3.999925 4
v 4 -5E-05 2
v 4 -5E-05 3
v 4 0.999925 2
v 4 0.999925 3
v 2 -5E-05 3
v 2 -5E-05 2
v 2 0.999925 3
v 2 0.999925 2
v 3 -5E-05 4
v 2 -5E-05 4
v 3 0.999925 4
v 2 0.999925 4
v 4 -5E-05 4
v 4 0.999925 4
v 3 -5E-05 2
v 3 0.999925 2
v 4 1.999925 2
v 4 1.999925 3
v 2 1.999925 3
v 2 1.999925 2
v 3 1.999925 4
v 2 1.999925 4
v 4 1.999925 4
v 3 1.999925 2
v 4 2.999925 2
v 4 2.999925 3
v 2 2.999925 3
v 2 2.999925 2
v 3 2.999925 4
v 2 2.999925 4
v 4 2.999925 4
v 3 2.999925 2

vt -2 0
vt -2 1
vt -1 0
vt -1 1
vt -2 2
vt -1 2
vt 0 0
vt 0 1
vt 0 2
vt 1 0.0001
vt 1 1.000075
vt 2 0.0001
vt 2 1.000075
vt 1 2.000075
vt 2 2.000075
vt 0 3.000075
vt -1 3.000075
vt 1 3.000075
vt 2 3.000075
vt -2 3.000075
vt 0 4.000075
vt -1 4.000075
vt 1 4.000075
vt 2 4.000075
vt -2 4.000075

vn 0 1 0
vn 1 0 0
vn -1 0 0
vn 0 0 1
vn 0 0 -1

usemtl ProBuilderDefault
f 1298/1186/150 1299/1187/150 1297/1185/150 1296/1184/150
f 1299/1187/150 1301/1189/150 1300/1188/150 1297/1185/150
f 1302/1190/150 1303/1191/150 1299/1187/150 1298/1186/150
f 1303/1191/150 1304/1192/150 1301/1189/150 1299/1187/150
f 1307/1191/151 1308/1187/151 1306/1186/151 1305/1190/151
f 1311/1194/152 1312/1191/152 1310/1190/152 1309/1193/152
f 1315/1194/153 1316/1191/153 1314/1190/153 1313/1193/153
f 1316/1196/152 1311/1194/152 1309/1193/152 1314/1195/152
f 1308/1187/151 1318/1185/151 1317/1184/151 1306/1186/151
f 1312/1191/154 1320/1187/154 1319/1186/154 1310/1190/154
f 1318/1196/153 1315/1194/153 1313/1193/153 1317/1195/153
f 1320/1187/154 1307/1185/154 1305/1184/154 1319/1186/154
f 1321/1192/151 1322/1189/151 1308/1187/151 1307/1191/151
f 1323/1197/152 1324/1192/152 1312/1191/152 1311/1194/152
f 1325/1197/153 1326/1192/153 1316/1191/153 1315/1194/153
f 1326/1198/152 1323/1197/152 1311/1194/152 1316/1196/152
f 1322/1189/151 1327/1188/151 1318/1185/151 1308/1187/151
f 1324/1192/154 1328/1189/154 1320/1187/154 1312/1191/154
f 1327/1198/153 1325/1197/153 1315/1194/153 1318/1196/153
f 1328/1189/154 1321/1188/154 1307/1185/154 1320/1187/154
f 1329/1199/151 1330/1200/151 1322/1189/151 1321/1192/151
f 1331/1201/152 1332/1199/152 1324/1192/152 1323/1197/152
f 1333/1201/153 1334/1199/153 1326/1192/153 1325/1197/153
f 1334/1202/152 1331/1201/152 1323/1197/152 1326/1198/152
f 1330/1200/151 1335/1203/151 1327/1188/151 1322/1189/151
f 1332/1199/154 1336/1200/154 1328/1189/154 1324/1192/154
f 1335/1202/153 1333/1201/153 1325/1197/153 1327/1198/153
f 1336/1200/154 1329/1203/154 1321/1188/154 1328/1189/154
f 1296/1204/151 1297/1205/151 1330/1200/151 1329/1199/151
f 1303/1206/152 1302/1204/152 1332/1199/152 1331/1201/152
f 1301/1206/153 1304/1204/153 1334/1199/153 1333/1201/153
f 1304/1207/152 1303/1206/152 1331/1201/152 1334/1202/152
f 1297/1205/151 1300/1208/151 1335/1203/151 1330/1200/151
f 1302/1204/154 1298/1205/154 1336/1200/154 1332/1199/154
f 1300/1207/153 1301/1206/153 1333/1201/153 1335/1202/153
f 1298/1205/154 1296/1208/154 1329/1203/154 1336/1200/154

g Plane (20)
v 6 5E-05 2
v 6 5E-05 3
v 5 5E-05 2
v 5 5E-05 3
v 6 5E-05 4
v 5 5E-05 4
v 4 5E-05 2
v 4 5E-05 3
v 4 5E-05 4

vt -2 0
vt -2 1
vt -1 0
vt -1 1
vt -2 2
vt -1 2
vt 0 0
vt 0 1
vt 0 2

vn 0 1 0

usemtl ProBuilderDefault
f 1339/1211/155 1340/1212/155 1338/1210/155 1337/1209/155
f 1340/1212/155 1342/1214/155 1341/1213/155 1338/1210/155
f 1343/1215/155 1344/1216/155 1340/1212/155 1339/1211/155
f 1344/1216/155 1345/1217/155 1342/1214/155 1340/1212/155

g Plane (15)
v -10 5E-05 0
v -10 5E-05 1
v -11 5E-05 0
v -11 5E-05 1
v -10 5E-05 2
v -11 5E-05 2
v -12 5E-05 0
v -12 5E-05 1
v -12 5E-05 2

vt -2 0
vt -2 1
vt -1 0
vt -1 1
vt -2 2
vt -1 2
vt 0 0
vt 0 1
vt 0 2

vn 0 1 0

usemtl ProBuilderDefault
f 1348/1220/156 1349/1221/156 1347/1219/156 1346/1218/156
f 1349/1221/156 1351/1223/156 1350/1222/156 1347/1219/156
f 1352/1224/156 1353/1225/156 1349/1221/156 1348/1220/156
f 1353/1225/156 1354/1226/156 1351/1223/156 1349/1221/156

g Plane (169)
v 4 -5E-05 -10
v 4 -5E-05 -9
v 3 -5E-05 -10
v 3 -5E-05 -9
v 4 -5E-05 -8
v 3 -5E-05 -8
v 2 -5E-05 -10
v 2 -5E-05 -9
v 2 -5E-05 -8

vt -2 0
vt -2 1
vt -1 0
vt -1 1
vt -2 2
vt -1 2
vt 0 0
vt 0 1
vt 0 2

vn 0 1 0

usemtl ProBuilderDefault
f 1357/1229/157 1358/1230/157 1356/1228/157 1355/1227/157
f 1358/1230/157 1360/1232/157 1359/1231/157 1356/1228/157
f 1361/1233/157 1362/1234/157 1358/1230/157 1357/1229/157
f 1362/1234/157 1363/1235/157 1360/1232/157 1358/1230/157

g Plane (48)
v 2 0.0001 6
v 2 0.0001 7
v 1 0.0001 6
v 1 0.0001 7
v 2 0.0001 8
v 1 0.0001 8
v 0 0.0001 6
v 0 0.0001 7
v 0 0.0001 8

vt -2 0
vt -2 1
vt -1 0
vt -1 1
vt -2 2
vt -1 2
vt 0 0
vt 0 1
vt 0 2

vn 0 1 0

usemtl ProBuilderDefault
f 1366/1238/158 1367/1239/158 1365/1237/158 1364/1236/158
f 1367/1239/158 1369/1241/158 1368/1240/158 1365/1237/158
f 1370/1242/158 1371/1243/158 1367/1239/158 1366/1238/158
f 1371/1243/158 1372/1244/158 1369/1241/158 1367/1239/158

g Plane (44)
v -12 5E-05 4
v -12 5E-05 5
v -13 5E-05 4
v -13 5E-05 5
v -12 5E-05 6
v -13 5E-05 6
v -14 5E-05 4
v -14 5E-05 5
v -14 5E-05 6

vt -2 0
vt -2 1
vt -1 0
vt -1 1
vt -2 2
vt -1 2
vt 0 0
vt 0 1
vt 0 2

vn 0 1 0

usemtl ProBuilderDefault
f 1375/1247/159 1376/1248/159 1374/1246/159 1373/1245/159
f 1376/1248/159 1378/1250/159 1377/1249/159 1374/1246/159
f 1379/1251/159 1380/1252/159 1376/1248/159 1375/1247/159
f 1380/1252/159 1381/1253/159 1378/1250/159 1376/1248/159

g Plane (82)
v -8 3.99995 -6
v -8 3.99995 -5
v -9 3.99995 -6
v -9 3.99995 -5
v -8 3.99995 -4
v -9 3.99995 -4
v -10 3.99995 -6
v -10 3.99995 -5
v -10 3.99995 -4
v -8 -5E-05 -5
v -8 -5E-05 -4
v -8 0.99995 -5
v -8 0.99995 -4
v -10 -5E-05 -6
v -9 -5E-05 -6
v -10 0.99995 -6
v -9 0.99995 -6
v -9 -5E-05 -4
v -10 -5E-05 -4
v -9 0.99995 -4
v -10 0.99995 -4
v -10 -5E-05 -5
v -10 0.99995 -5
v -8 -5E-05 -6
v -8 0.99995 -6
v -8 1.99995 -5
v -8 1.99995 -4
v -10 1.99995 -6
v -9 1.99995 -6
v -9 1.99995 -4
v -10 1.99995 -4
v -10 1.99995 -5
v -8 1.99995 -6
v -8 2.99995 -5
v -8 2.99995 -4
v -10 2.99995 -6
v -9 2.99995 -6
v -9 2.99995 -4
v -10 2.99995 -4
v -10 2.99995 -5
v -8 2.99995 -6

vt -2 0
vt -2 1
vt -1 0
vt -1 1
vt -2 2
vt -1 2
vt 0 0
vt 0 1
vt 0 2
vt 1 0.0001
vt 1 1.0001
vt 2 0.0001
vt 2 1.0001
vt 1 2.0001
vt 2 2.0001
vt -1 3.0001
vt -2 3.0001
vt 0 3.0001
vt 1 3.0001
vt 2 3.0001
vt -1 4.0001
vt -2 4.0001
vt 0 4.0001
vt 1 4.0001
vt 2 4.0001

vn 0 1 0
vn 1 0 0
vn 0 0 -1
vn 0 0 1
vn -1 0 0

usemtl ProBuilderDefault
f 1384/1256/160 1385/1257/160 1383/1255/160 1382/1254/160
f 1385/1257/160 1387/1259/160 1386/1258/160 1383/1255/160
f 1388/1260/160 1389/1261/160 1385/1257/160 1384/1256/160
f 1389/1261/160 1390/1262/160 1387/1259/160 1385/1257/160
f 1393/1257/161 1394/1255/161 1392/1254/161 1391/1256/161
f 1397/1261/162 1398/1257/162 1396/1256/162 1395/1260/162
f 1401/1264/163 1402/1261/163 1400/1260/163 1399/1263/163
f 1404/1264/164 1397/1261/164 1395/1260/164 1403/1263/164
f 1406/1261/161 1393/1257/161 1391/1256/161 1405/1260/161
f 1398/1257/162 1406/1255/162 1405/1254/162 1396/1256/162
f 1394/1266/163 1401/1264/163 1399/1263/163 1392/1265/163
f 1402/1266/164 1404/1264/164 1403/1263/164 1400/1265/164
f 1407/1259/161 1408/1258/161 1394/1255/161 1393/1257/161
f 1409/1262/162 1410/1259/162 1398/1257/162 1397/1261/162
f 1411/1267/163 1412/1262/163 1402/1261/163 1401/1264/163
f 1413/1267/164 1409/1262/164 1397/1261/164 1404/1264/164
f 1414/1262/161 1407/1259/161 1393/1257/161 1406/1261/161
f 1410/1259/162 1414/1258/162 1406/1255/162 1398/1257/162
f 1408/1268/163 1411/1267/163 1401/1264/163 1394/1266/163
f 1412/1268/164 1413/1267/164 1404/1264/164 1402/1266/164
f 1415/1269/161 1416/1270/161 1408/1258/161 1407/1259/161
f 1417/1271/162 1418/1269/162 1410/1259/162 1409/1262/162
f 1419/1272/163 1420/1271/163 1412/1262/163 1411/1267/163
f 1421/1272/164 1417/1271/164 1409/1262/164 1413/1267/164
f 1422/1271/161 1415/1269/161 1407/1259/161 1414/1262/161
f 1418/1269/162 1422/1270/162 1414/1258/162 1410/1259/162
f 1416/1273/163 1419/1272/163 1411/1267/163 1408/1268/163
f 1420/1273/164 1421/1272/164 1413/1267/164 1412/1268/164
f 1383/1274/161 1386/1275/161 1416/1270/161 1415/1269/161
f 1388/1276/162 1384/1274/162 1418/1269/162 1417/1271/162
f 1387/1277/163 1390/1276/163 1420/1271/163 1419/1272/163
f 1389/1277/164 1388/1276/164 1417/1271/164 1421/1272/164
f 1382/1276/161 1383/1274/161 1415/1269/161 1422/1271/161
f 1384/1274/162 1382/1275/162 1422/1270/162 1418/1269/162
f 1386/1278/163 1387/1277/163 1419/1272/163 1416/1273/163
f 1390/1278/164 1389/1277/164 1421/1272/164 1420/1273/164

g Plane (100)
v 10 -5E-05 -4
v 10 -5E-05 -3
v 9 -5E-05 -4
v 9 -5E-05 -3
v 10 -5E-05 -2
v 9 -5E-05 -2
v 8 -5E-05 -4
v 8 -5E-05 -3
v 8 -5E-05 -2

vt -2 0
vt -2 1
vt -1 0
vt -1 1
vt -2 2
vt -1 2
vt 0 0
vt 0 1
vt 0 2

vn 0 1 0

usemtl ProBuilderDefault
f 1425/1281/165 1426/1282/165 1424/1280/165 1423/1279/165
f 1426/1282/165 1428/1284/165 1427/1283/165 1424/1280/165
f 1429/1285/165 1430/1286/165 1426/1282/165 1425/1281/165
f 1430/1286/165 1431/1287/165 1428/1284/165 1426/1282/165

g Plane (9)
v -4 5E-05 0
v -4 5E-05 1
v -5 5E-05 0
v -5 5E-05 1
v -4 5E-05 2
v -5 5E-05 2
v -6 5E-05 0
v -6 5E-05 1
v -6 5E-05 2

vt -2 0
vt -2 1
vt -1 0
vt -1 1
vt -2 2
vt -1 2
vt 0 0
vt 0 1
vt 0 2

vn 0 1 0

usemtl ProBuilderDefault
f 1434/1290/166 1435/1291/166 1433/1289/166 1432/1288/166
f 1435/1291/166 1437/1293/166 1436/1292/166 1433/1289/166
f 1438/1294/166 1439/1295/166 1435/1291/166 1434/1290/166
f 1439/1295/166 1440/1296/166 1437/1293/166 1435/1291/166

g Plane (155)
v 6 5E-05 -12
v 6 5E-05 -11
v 5 5E-05 -12
v 5 5E-05 -11
v 6 5E-05 -10
v 5 5E-05 -10
v 4 5E-05 -12
v 4 5E-05 -11
v 4 5E-05 -10

vt -2 0
vt -2 1
vt -1 0
vt -1 1
vt -2 2
vt -1 2
vt 0 0
vt 0 1
vt 0 2

vn 0 1 0

usemtl ProBuilderDefault
f 1443/1299/167 1444/1300/167 1442/1298/167 1441/1297/167
f 1444/1300/167 1446/1302/167 1445/1301/167 1442/1298/167
f 1447/1303/167 1448/1304/167 1444/1300/167 1443/1299/167
f 1448/1304/167 1449/1305/167 1446/1302/167 1444/1300/167

g Plane (135)
v -10 5E-05 -16
v -10 5E-05 -15
v -11 5E-05 -16
v -11 5E-05 -15
v -10 5E-05 -14
v -11 5E-05 -14
v -12 5E-05 -16
v -12 5E-05 -15
v -12 5E-05 -14

vt -2 0
vt -2 1
vt -1 0
vt -1 1
vt -2 2
vt -1 2
vt 0 0
vt 0 1
vt 0 2

vn 0 1 0

usemtl ProBuilderDefault
f 1452/1308/168 1453/1309/168 1451/1307/168 1450/1306/168
f 1453/1309/168 1455/1311/168 1454/1310/168 1451/1307/168
f 1456/1312/168 1457/1313/168 1453/1309/168 1452/1308/168
f 1457/1313/168 1458/1314/168 1455/1311/168 1453/1309/168

g Plane (94)
v 4 3.99995 -4
v 4 3.99995 -3
v 3 3.99995 -4
v 3 3.99995 -3
v 4 3.99995 -2
v 3 3.99995 -2
v 2 3.99995 -4
v 2 3.99995 -3
v 2 3.99995 -2
v 4 -5E-05 -4
v 4 -5E-05 -3
v 3 -5E-05 -4
v 4 -5E-05 -2
v 3 -5E-05 -2
v 2 -5E-05 -4
v 2 -5E-05 -3
v 2 -5E-05 -2
v 4 0.9999499 -4
v 4 0.9999499 -3
v 3 0.9999499 -4
v 4 0.9999499 -2
v 3 0.9999499 -2
v 2 0.9999499 -4
v 2 0.9999499 -3
v 2 0.9999499 -2
v 4 1.99995 -4
v 4 1.99995 -3
v 3 1.99995 -4
v 4 1.99995 -2
v 3 1.99995 -2
v 2 1.99995 -4
v 2 1.99995 -3
v 2 1.99995 -2
v 4 2.99995 -4
v 4 2.99995 -3
v 3 2.99995 -4
v 4 2.99995 -2
v 3 2.99995 -2
v 2 2.99995 -4
v 2 2.99995 -3
v 2 2.99995 -2

vt -2 0
vt -2 1
vt -1 0
vt -1 1
vt -2 2
vt -1 2
vt 0 0
vt 0 1
vt 0 2
vt 2 9.993209E-05
vt 1 9.993209E-05
vt 2 1.0001
vt 1 1.0001
vt 2 2.0001
vt 1 2.0001
vt 0 3.0001
vt -1 3.0001
vt -2 3.0001
vt 2 3.0001
vt 1 3.0001
vt 0 4.0001
vt -1 4.0001
vt -2 4.0001
vt 2 4.0001
vt 1 4.0001

vn 0 1 0
vn 0 0 0
vn 1 0 0
vn 0 0 -1
vn 0 0 1
vn -1 0 0

usemtl ProBuilderDefault
f 1461/1317/169 1462/1318/169 1460/1316/169 1459/1315/169
f 1462/1318/169 1464/1320/169 1463/1319/169 1460/1316/169
f 1465/1321/169 1466/1322/169 1462/1318/169 1461/1317/169
f 1466/1322/169 1467/1323/169 1464/1320/169 1462/1318/169
f 1468/1315/170 1469/1316/170 1469/1316/170 1468/1315/170
f 1470/1317/170 1468/1315/170 1468/1315/170 1470/1317/170
f 1471/1319/170 1472/1320/170 1472/1320/170 1471/1319/170
f 1473/1321/170 1470/1317/170 1470/1317/170 1473/1321/170
f 1469/1316/170 1471/1319/170 1471/1319/170 1469/1316/170
f 1474/1322/170 1473/1321/170 1473/1321/170 1474/1322/170
f 1472/1320/170 1475/1323/170 1475/1323/170 1472/1320/170
f 1475/1323/170 1474/1322/170 1474/1322/170 1475/1323/170
f 1476/1322/171 1477/1318/171 1469/1317/171 1468/1321/171
f 1478/1318/172 1476/1316/172 1468/1315/172 1470/1317/172
f 1479/1326/173 1480/1327/173 1472/1325/173 1471/1324/173
f 1481/1322/172 1478/1318/172 1470/1317/172 1473/1321/172
f 1477/1318/171 1479/1316/171 1471/1315/171 1469/1317/171
f 1482/1327/174 1481/1322/174 1473/1321/174 1474/1325/174
f 1480/1327/173 1483/1322/173 1475/1321/173 1472/1325/173
f 1483/1326/174 1482/1327/174 1474/1325/174 1475/1324/174
f 1484/1323/171 1485/1320/171 1477/1318/171 1476/1322/171
f 1486/1320/172 1484/1319/172 1476/1316/172 1478/1318/172
f 1487/1328/173 1488/1329/173 1480/1327/173 1479/1326/173
f 1489/1323/172 1486/1320/172 1478/1318/172 1481/1322/172
f 1485/1320/171 1487/1319/171 1479/1316/171 1477/1318/171
f 1490/1329/174 1489/1323/174 1481/1322/174 1482/1327/174
f 1488/1329/173 1491/1323/173 1483/1322/173 1480/1327/173
f 1491/1328/174 1490/1329/174 1482/1327/174 1483/1326/174
f 1492/1330/171 1493/1331/171 1485/1320/171 1484/1323/171
f 1494/1331/172 1492/1332/172 1484/1319/172 1486/1320/172
f 1495/1333/173 1496/1334/173 1488/1329/173 1487/1328/173
f 1497/1330/172 1494/1331/172 1486/1320/172 1489/1323/172
f 1493/1331/171 1495/1332/171 1487/1319/171 1485/1320/171
f 1498/1334/174 1497/1330/174 1489/1323/174 1490/1329/174
f 1496/1334/173 1499/1330/173 1491/1323/173 1488/1329/173
f 1499/1333/174 1498/1334/174 1490/1329/174 1491/1328/174
f 1459/1335/171 1460/1336/171 1493/1331/171 1492/1330/171
f 1461/1336/172 1459/1337/172 1492/1332/172 1494/1331/172
f 1463/1338/173 1464/1339/173 1496/1334/173 1495/1333/173
f 1465/1335/172 1461/1336/172 1494/1331/172 1497/1330/172
f 1460/1336/171 1463/1337/171 1495/1332/171 1493/1331/171
f 1466/1339/174 1465/1335/174 1497/1330/174 1498/1334/174
f 1464/1339/173 1467/1335/173 1499/1330/173 1496/1334/173
f 1467/1338/174 1466/1339/174 1498/1334/174 1499/1333/174

g Plane (12)
v 14 5E-05 0
v 14 5E-05 1
v 13 5E-05 0
v 13 5E-05 1
v 14 5E-05 2
v 13 5E-05 2
v 12 5E-05 0
v 12 5E-05 1
v 12 5E-05 2

vt -2 0
vt -2 1
vt -1 0
vt -1 1
vt -2 2
vt -1 2
vt 0 0
vt 0 1
vt 0 2

vn 0 1 0

usemtl ProBuilderDefault
f 1502/1342/175 1503/1343/175 1501/1341/175 1500/1340/175
f 1503/1343/175 1505/1345/175 1504/1344/175 1501/1341/175
f 1506/1346/175 1507/1347/175 1503/1343/175 1502/1342/175
f 1507/1347/175 1508/1348/175 1505/1345/175 1503/1343/175

g Plane (109)
v 4 -5E-05 -2
v 4 -5E-05 -1
v 3 -5E-05 -2
v 3 -5E-05 -1
v 4 -5E-05 0
v 3 -5E-05 0
v 2 -5E-05 -2
v 2 -5E-05 -1
v 2 -5E-05 0

vt -2 0
vt -2 1
vt -1 0
vt -1 1
vt -2 2
vt -1 2
vt 0 0
vt 0 1
vt 0 2

vn 0 1 0

usemtl ProBuilderDefault
f 1511/1351/176 1512/1352/176 1510/1350/176 1509/1349/176
f 1512/1352/176 1514/1354/176 1513/1353/176 1510/1350/176
f 1515/1355/176 1516/1356/176 1512/1352/176 1511/1351/176
f 1516/1356/176 1517/1357/176 1514/1354/176 1512/1352/176

g Plane (173)
v -6 5E-05 -10
v -6 5E-05 -9
v -7 5E-05 -10
v -7 5E-05 -9
v -6 5E-05 -8
v -7 5E-05 -8
v -8 5E-05 -10
v -8 5E-05 -9
v -8 5E-05 -8

vt -2 0
vt -2 1
vt -1 0
vt -1 1
vt -2 2
vt -1 2
vt 0 0
vt 0 1
vt 0 2

vn 0 1 0

usemtl ProBuilderDefault
f 1520/1360/177 1521/1361/177 1519/1359/177 1518/1358/177
f 1521/1361/177 1523/1363/177 1522/1362/177 1519/1359/177
f 1524/1364/177 1525/1365/177 1521/1361/177 1520/1360/177
f 1525/1365/177 1526/1366/177 1523/1363/177 1521/1361/177

g Plane (7)
v -8 -5E-05 0
v -8 -5E-05 1
v -9 -5E-05 0
v -9 -5E-05 1
v -8 -5E-05 2
v -9 -5E-05 2
v -10 -5E-05 0
v -10 -5E-05 1
v -10 -5E-05 2

vt -2 0
vt -2 1
vt -1 0
vt -1 1
vt -2 2
vt -1 2
vt 0 0
vt 0 1
vt 0 2

vn 0 1 0

usemtl ProBuilderDefault
f 1529/1369/178 1530/1370/178 1528/1368/178 1527/1367/178
f 1530/1370/178 1532/1372/178 1531/1371/178 1528/1368/178
f 1533/1373/178 1534/1374/178 1530/1370/178 1529/1369/178
f 1534/1374/178 1535/1375/178 1532/1372/178 1530/1370/178

g Plane (23)
v -6 4.00005 2
v -6 4.00005 3
v -7 4.00005 2
v -7 4.00005 3
v -6 4.00005 4
v -7 4.00005 4
v -8 4.00005 2
v -8 4.00005 3
v -8 4.00005 4
v -6 5E-05 3
v -6 5E-05 4
v -6 1.00005 3
v -6 1.00005 4
v -8 5E-05 2
v -7 5E-05 2
v -8 1.00005 2
v -7 1.00005 2
v -7 5E-05 4
v -8 5E-05 4
v -7 1.00005 4
v -8 1.00005 4
v -8 5E-05 3
v -8 1.00005 3
v -6 5E-05 2
v -6 1.00005 2
v -6 2.00005 3
v -6 2.00005 4
v -8 2.00005 2
v -7 2.00005 2
v -7 2.00005 4
v -8 2.00005 4
v -8 2.00005 3
v -6 2.00005 2
v -6 3.00005 3
v -6 3.00005 4
v -8 3.00005 2
v -7 3.00005 2
v -7 3.00005 4
v -8 3.00005 4
v -8 3.00005 3
v -6 3.00005 2

vt -2 0
vt -2 1
vt -1 0
vt -1 1
vt -2 2
vt -1 2
vt 0 0
vt 0 1
vt 0 2
vt 1 0.0001
vt 1 1.0001
vt 2 0.0001
vt 2 1.0001
vt 1 2.0001
vt 2 2.0001
vt -1 3.0001
vt -2 3.0001
vt 0 3.0001
vt 1 3.0001
vt 2 3.0001
vt -1 4.0001
vt -2 4.0001
vt 0 4.0001
vt 1 4.0001
vt 2 4.0001

vn 0 1 0
vn 1 0 0
vn 0 0 -1
vn 0 0 1
vn -1 0 0

usemtl ProBuilderDefault
f 1538/1378/179 1539/1379/179 1537/1377/179 1536/1376/179
f 1539/1379/179 1541/1381/179 1540/1380/179 1537/1377/179
f 1542/1382/179 1543/1383/179 1539/1379/179 1538/1378/179
f 1543/1383/179 1544/1384/179 1541/1381/179 1539/1379/179
f 1547/1379/180 1548/1377/180 1546/1376/180 1545/1378/180
f 1551/1383/181 1552/1379/181 1550/1378/181 1549/1382/181
f 1555/1386/182 1556/1383/182 1554/1382/182 1553/1385/182
f 1558/1386/183 1551/1383/183 1549/1382/183 1557/1385/183
f 1560/1383/180 1547/1379/180 1545/1378/180 1559/1382/180
f 1552/1379/181 1560/1377/181 1559/1376/181 1550/1378/181
f 1548/1388/182 1555/1386/182 1553/1385/182 1546/1387/182
f 1556/1388/183 1558/1386/183 1557/1385/183 1554/1387/183
f 1561/1381/180 1562/1380/180 1548/1377/180 1547/1379/180
f 1563/1384/181 1564/1381/181 1552/1379/181 1551/1383/181
f 1565/1389/182 1566/1384/182 1556/1383/182 1555/1386/182
f 1567/1389/183 1563/1384/183 1551/1383/183 1558/1386/183
f 1568/1384/180 1561/1381/180 1547/1379/180 1560/1383/180
f 1564/1381/181 1568/1380/181 1560/1377/181 1552/1379/181
f 1562/1390/182 1565/1389/182 1555/1386/182 1548/1388/182
f 1566/1390/183 1567/1389/183 1558/1386/183 1556/1388/183
f 1569/1391/180 1570/1392/180 1562/1380/180 1561/1381/180
f 1571/1393/181 1572/1391/181 1564/1381/181 1563/1384/181
f 1573/1394/182 1574/1393/182 1566/1384/182 1565/1389/182
f 1575/1394/183 1571/1393/183 1563/1384/183 1567/1389/183
f 1576/1393/180 1569/1391/180 1561/1381/180 1568/1384/180
f 1572/1391/181 1576/1392/181 1568/1380/181 1564/1381/181
f 1570/1395/182 1573/1394/182 1565/1389/182 1562/1390/182
f 1574/1395/183 1575/1394/183 1567/1389/183 1566/1390/183
f 1537/1396/180 1540/1397/180 1570/1392/180 1569/1391/180
f 1542/1398/181 1538/1396/181 1572/1391/181 1571/1393/181
f 1541/1399/182 1544/1398/182 1574/1393/182 1573/1394/182
f 1543/1399/183 1542/1398/183 1571/1393/183 1575/1394/183
f 1536/1398/180 1537/1396/180 1569/1391/180 1576/1393/180
f 1538/1396/181 1536/1397/181 1576/1392/181 1572/1391/181
f 1540/1400/182 1541/1399/182 1573/1394/182 1570/1395/182
f 1544/1400/183 1543/1399/183 1575/1394/183 1574/1395/183

g Plane (11)
v 12 5E-05 0
v 12 5E-05 1
v 11 5E-05 0
v 11 5E-05 1
v 12 5E-05 2
v 11 5E-05 2
v 10 5E-05 0
v 10 5E-05 1
v 10 5E-05 2

vt -2 0
vt -2 1
vt -1 0
vt -1 1
vt -2 2
vt -1 2
vt 0 0
vt 0 1
vt 0 2

vn 0 1 0

usemtl ProBuilderDefault
f 1579/1403/184 1580/1404/184 1578/1402/184 1577/1401/184
f 1580/1404/184 1582/1406/184 1581/1405/184 1578/1402/184
f 1583/1407/184 1584/1408/184 1580/1404/184 1579/1403/184
f 1584/1408/184 1585/1409/184 1582/1406/184 1580/1404/184

g Plane (10)
v 10 -5E-05 0
v 10 -5E-05 1
v 9 -5E-05 0
v 9 -5E-05 1
v 10 -5E-05 2
v 9 -5E-05 2
v 8 -5E-05 0
v 8 -5E-05 1
v 8 -5E-05 2

vt -2 0
vt -2 1
vt -1 0
vt -1 1
vt -2 2
vt -1 2
vt 0 0
vt 0 1
vt 0 2

vn 0 1 0

usemtl ProBuilderDefault
f 1588/1412/185 1589/1413/185 1587/1411/185 1586/1410/185
f 1589/1413/185 1591/1415/185 1590/1414/185 1587/1411/185
f 1592/1416/185 1593/1417/185 1589/1413/185 1588/1412/185
f 1593/1417/185 1594/1418/185 1591/1415/185 1589/1413/185

g Plane (62)
v 0 0.0001 -8
v 0 0.0001 -7
v -1 0.0001 -8
v -1 0.0001 -7
v 0 0.0001 -6
v -1 0.0001 -6
v -2 0.0001 -8
v -2 0.0001 -7
v -2 0.0001 -6

vt -2 0
vt -2 1
vt -1 0
vt -1 1
vt -2 2
vt -1 2
vt 0 0
vt 0 1
vt 0 2

vn 0 1 0

usemtl ProBuilderDefault
f 1597/1421/186 1598/1422/186 1596/1420/186 1595/1419/186
f 1598/1422/186 1600/1424/186 1599/1423/186 1596/1420/186
f 1601/1425/186 1602/1426/186 1598/1422/186 1597/1421/186
f 1602/1426/186 1603/1427/186 1600/1424/186 1598/1422/186

g Plane (111)
v 8 5E-05 -2
v 8 5E-05 -1
v 7 5E-05 -2
v 7 5E-05 -1
v 8 5E-05 0
v 7 5E-05 0
v 6 5E-05 -2
v 6 5E-05 -1
v 6 5E-05 0

vt -2 0
vt -2 1
vt -1 0
vt -1 1
vt -2 2
vt -1 2
vt 0 0
vt 0 1
vt 0 2

vn 0 1 0

usemtl ProBuilderDefault
f 1606/1430/187 1607/1431/187 1605/1429/187 1604/1428/187
f 1607/1431/187 1609/1433/187 1608/1432/187 1605/1429/187
f 1610/1434/187 1611/1435/187 1607/1431/187 1606/1430/187
f 1611/1435/187 1612/1436/187 1609/1433/187 1607/1431/187

g Plane (49)
v 4 -5E-05 6
v 4 -5E-05 7
v 3 -5E-05 6
v 3 -5E-05 7
v 4 -5E-05 8
v 3 -5E-05 8
v 2 -5E-05 6
v 2 -5E-05 7
v 2 -5E-05 8

vt -2 0
vt -2 1
vt -1 0
vt -1 1
vt -2 2
vt -1 2
vt 0 0
vt 0 1
vt 0 2

vn 0 1 0

usemtl ProBuilderDefault
f 1615/1439/188 1616/1440/188 1614/1438/188 1613/1437/188
f 1616/1440/188 1618/1442/188 1617/1441/188 1614/1438/188
f 1619/1443/188 1620/1444/188 1616/1440/188 1615/1439/188
f 1620/1444/188 1621/1445/188 1618/1442/188 1616/1440/188

g Plane (42)
v 14 5E-05 4
v 14 5E-05 5
v 13 5E-05 4
v 13 5E-05 5
v 14 5E-05 6
v 13 5E-05 6
v 12 5E-05 4
v 12 5E-05 5
v 12 5E-05 6

vt -2 0
vt -2 1
vt -1 0
vt -1 1
vt -2 2
vt -1 2
vt 0 0
vt 0 1
vt 0 2

vn 0 1 0

usemtl ProBuilderDefault
f 1624/1448/189 1625/1449/189 1623/1447/189 1622/1446/189
f 1625/1449/189 1627/1451/189 1626/1450/189 1623/1447/189
f 1628/1452/189 1629/1453/189 1625/1449/189 1624/1448/189
f 1629/1453/189 1630/1454/189 1627/1451/189 1625/1449/189

g Plane (38)
v -6 4.00005 4
v -6 4.00005 5
v -7 4.00005 4
v -7 4.00005 5
v -6 4.00005 6
v -7 4.00005 6
v -8 4.00005 4
v -8 4.00005 5
v -8 4.00005 6
v -6 5E-05 5
v -6 5E-05 6
v -6 1.00005 5
v -6 1.00005 6
v -8 5E-05 4
v -7 5E-05 4
v -8 1.00005 4
v -7 1.00005 4
v -7 5E-05 6
v -8 5E-05 6
v -7 1.00005 6
v -8 1.00005 6
v -8 5E-05 5
v -8 1.00005 5
v -6 5E-05 4
v -6 1.00005 4
v -6 2.00005 5
v -6 2.00005 6
v -8 2.00005 4
v -7 2.00005 4
v -7 2.00005 6
v -8 2.00005 6
v -8 2.00005 5
v -6 2.00005 4
v -6 3.00005 5
v -6 3.00005 6
v -8 3.00005 4
v -7 3.00005 4
v -7 3.00005 6
v -8 3.00005 6
v -8 3.00005 5
v -6 3.00005 4

vt -2 0
vt -2 1
vt -1 0
vt -1 1
vt -2 2
vt -1 2
vt 0 0
vt 0 1
vt 0 2
vt 1 0.0001
vt 1 1.0001
vt 2 0.0001
vt 2 1.0001
vt 1 2.0001
vt 2 2.0001
vt -1 3.0001
vt -2 3.0001
vt 0 3.0001
vt 1 3.0001
vt 2 3.0001
vt -1 4.0001
vt -2 4.0001
vt 0 4.0001
vt 1 4.0001
vt 2 4.0001

vn 0 1 0
vn 1 0 0
vn 0 0 -1
vn 0 0 1
vn -1 0 0

usemtl ProBuilderDefault
f 1633/1457/190 1634/1458/190 1632/1456/190 1631/1455/190
f 1634/1458/190 1636/1460/190 1635/1459/190 1632/1456/190
f 1637/1461/190 1638/1462/190 1634/1458/190 1633/1457/190
f 1638/1462/190 1639/1463/190 1636/1460/190 1634/1458/190
f 1642/1458/191 1643/1456/191 1641/1455/191 1640/1457/191
f 1646/1462/192 1647/1458/192 1645/1457/192 1644/1461/192
f 1650/1465/193 1651/1462/193 1649/1461/193 1648/1464/193
f 1653/1465/194 1646/1462/194 1644/1461/194 1652/1464/194
f 1655/1462/191 1642/1458/191 1640/1457/191 1654/1461/191
f 1647/1458/192 1655/1456/192 1654/1455/192 1645/1457/192
f 1643/1467/193 1650/1465/193 1648/1464/193 1641/1466/193
f 1651/1467/194 1653/1465/194 1652/1464/194 1649/1466/194
f 1656/1460/191 1657/1459/191 1643/1456/191 1642/1458/191
f 1658/1463/192 1659/1460/192 1647/1458/192 1646/1462/192
f 1660/1468/193 1661/1463/193 1651/1462/193 1650/1465/193
f 1662/1468/194 1658/1463/194 1646/1462/194 1653/1465/194
f 1663/1463/191 1656/1460/191 1642/1458/191 1655/1462/191
f 1659/1460/192 1663/1459/192 1655/1456/192 1647/1458/192
f 1657/1469/193 1660/1468/193 1650/1465/193 1643/1467/193
f 1661/1469/194 1662/1468/194 1653/1465/194 1651/1467/194
f 1664/1470/191 1665/1471/191 1657/1459/191 1656/1460/191
f 1666/1472/192 1667/1470/192 1659/1460/192 1658/1463/192
f 1668/1473/193 1669/1472/193 1661/1463/193 1660/1468/193
f 1670/1473/194 1666/1472/194 1658/1463/194 1662/1468/194
f 1671/1472/191 1664/1470/191 1656/1460/191 1663/1463/191
f 1667/1470/192 1671/1471/192 1663/1459/192 1659/1460/192
f 1665/1474/193 1668/1473/193 1660/1468/193 1657/1469/193
f 1669/1474/194 1670/1473/194 1662/1468/194 1661/1469/194
f 1632/1475/191 1635/1476/191 1665/1471/191 1664/1470/191
f 1637/1477/192 1633/1475/192 1667/1470/192 1666/1472/192
f 1636/1478/193 1639/1477/193 1669/1472/193 1668/1473/193
f 1638/1478/194 1637/1477/194 1666/1472/194 1670/1473/194
f 1631/1477/191 1632/1475/191 1664/1470/191 1671/1472/191
f 1633/1475/192 1631/1476/192 1671/1471/192 1667/1470/192
f 1635/1479/193 1636/1478/193 1668/1473/193 1665/1474/193
f 1639/1479/194 1638/1478/194 1670/1473/194 1669/1474/194

g Plane (25)
v 10 -5E-05 2
v 10 -5E-05 3
v 9 -5E-05 2
v 9 -5E-05 3
v 10 -5E-05 4
v 9 -5E-05 4
v 8 -5E-05 2
v 8 -5E-05 3
v 8 -5E-05 4

vt -2 0
vt -2 1
vt -1 0
vt -1 1
vt -2 2
vt -1 2
vt 0 0
vt 0 1
vt 0 2

vn 0 1 0

usemtl ProBuilderDefault
f 1674/1482/195 1675/1483/195 1673/1481/195 1672/1480/195
f 1675/1483/195 1677/1485/195 1676/1484/195 1673/1481/195
f 1678/1486/195 1679/1487/195 1675/1483/195 1674/1482/195
f 1679/1487/195 1680/1488/195 1677/1485/195 1675/1483/195

g Plane (103)
v -14 -5E-05 -4
v -14 -5E-05 -3
v -15 -5E-05 -4
v -15 -5E-05 -3
v -14 -5E-05 -2
v -15 -5E-05 -2
v -16 -5E-05 -4
v -16 -5E-05 -3
v -16 -5E-05 -2

vt -2 0
vt -2 1
vt -1 0
vt -1 1
vt -2 2
vt -1 2
vt 0 0
vt 0 1
vt 0 2

vn 0 1 0

usemtl ProBuilderDefault
f 1683/1491/196 1684/1492/196 1682/1490/196 1681/1489/196
f 1684/1492/196 1686/1494/196 1685/1493/196 1682/1490/196
f 1687/1495/196 1688/1496/196 1684/1492/196 1683/1491/196
f 1688/1496/196 1689/1497/196 1686/1494/196 1684/1492/196

g Plane (43)
v -14 -5E-05 4
v -14 -5E-05 5
v -15 -5E-05 4
v -15 -5E-05 5
v -14 -5E-05 6
v -15 -5E-05 6
v -16 -5E-05 4
v -16 -5E-05 5
v -16 -5E-05 6

vt -2 0
vt -2 1
vt -1 0
vt -1 1
vt -2 2
vt -1 2
vt 0 0
vt 0 1
vt 0 2

vn 0 1 0

usemtl ProBuilderDefault
f 1692/1500/197 1693/1501/197 1691/1499/197 1690/1498/197
f 1693/1501/197 1695/1503/197 1694/1502/197 1691/1499/197
f 1696/1504/197 1697/1505/197 1693/1501/197 1692/1500/197
f 1697/1505/197 1698/1506/197 1695/1503/197 1693/1501/197

g Plane (116)
v 12 5E-05 -2
v 12 5E-05 -1
v 11 5E-05 -2
v 11 5E-05 -1
v 12 5E-05 0
v 11 5E-05 0
v 10 5E-05 -2
v 10 5E-05 -1
v 10 5E-05 0

vt -2 0
vt -2 1
vt -1 0
vt -1 1
vt -2 2
vt -1 2
vt 0 0
vt 0 1
vt 0 2

vn 0 1 0

usemtl ProBuilderDefault
f 1701/1509/198 1702/1510/198 1700/1508/198 1699/1507/198
f 1702/1510/198 1704/1512/198 1703/1511/198 1700/1508/198
f 1705/1513/198 1706/1514/198 1702/1510/198 1701/1509/198
f 1706/1514/198 1707/1515/198 1704/1512/198 1702/1510/198

g Plane (60)
v -10 5E-05 6
v -10 5E-05 7
v -11 5E-05 6
v -11 5E-05 7
v -10 5E-05 8
v -11 5E-05 8
v -12 5E-05 6
v -12 5E-05 7
v -12 5E-05 8

vt -2 0
vt -2 1
vt -1 0
vt -1 1
vt -2 2
vt -1 2
vt 0 0
vt 0 1
vt 0 2

vn 0 1 0

usemtl ProBuilderDefault
f 1710/1518/199 1711/1519/199 1709/1517/199 1708/1516/199
f 1711/1519/199 1713/1521/199 1712/1520/199 1709/1517/199
f 1714/1522/199 1715/1523/199 1711/1519/199 1710/1518/199
f 1715/1523/199 1716/1524/199 1713/1521/199 1711/1519/199

g Plane (16)
v -2 0 2
v -2 0 3
v -3 0 2
v -3 0 3
v -2 0 4
v -3 0 4
v -4 0 2
v -4 0 3
v -4 0 4

vt -2 0
vt -2 1
vt -1 0
vt -1 1
vt -2 2
vt -1 2
vt 0 0
vt 0 1
vt 0 2

vn 0 1 0

usemtl ProBuilderDefault
f 1719/1527/200 1720/1528/200 1718/1526/200 1717/1525/200
f 1720/1528/200 1722/1530/200 1721/1529/200 1718/1526/200
f 1723/1531/200 1724/1532/200 1720/1528/200 1719/1527/200
f 1724/1532/200 1725/1533/200 1722/1530/200 1720/1528/200

g Plane (3)
v 2 0.0001 0
v 2 0.0001 1
v 1 0.0001 0
v 1 0.0001 1
v 2 0.0001 2
v 1 0.0001 2
v 0 0.0001 0
v 0 0.0001 1
v 0 0.0001 2

vt -2 0
vt -2 1
vt -1 0
vt -1 1
vt -2 2
vt -1 2
vt 0 0
vt 0 1
vt 0 2

vn 0 1 0

usemtl ProBuilderDefault
f 1728/1536/201 1729/1537/201 1727/1535/201 1726/1534/201
f 1729/1537/201 1731/1539/201 1730/1538/201 1727/1535/201
f 1732/1540/201 1733/1541/201 1729/1537/201 1728/1536/201
f 1733/1541/201 1734/1542/201 1731/1539/201 1729/1537/201

g Plane (40)
v 10 -5E-05 4
v 10 -5E-05 5
v 9 -5E-05 4
v 9 -5E-05 5
v 10 -5E-05 6
v 9 -5E-05 6
v 8 -5E-05 4
v 8 -5E-05 5
v 8 -5E-05 6

vt -2 0
vt -2 1
vt -1 0
vt -1 1
vt -2 2
vt -1 2
vt 0 0
vt 0 1
vt 0 2

vn 0 1 0

usemtl ProBuilderDefault
f 1737/1545/202 1738/1546/202 1736/1544/202 1735/1543/202
f 1738/1546/202 1740/1548/202 1739/1547/202 1736/1544/202
f 1741/1549/202 1742/1550/202 1738/1546/202 1737/1545/202
f 1742/1550/202 1743/1551/202 1740/1548/202 1738/1546/202

g Plane (166)
v -2 0 -10
v -2 0 -9
v -3 0 -10
v -3 0 -9
v -2 0 -8
v -3 0 -8
v -4 0 -10
v -4 0 -9
v -4 0 -8

vt -2 0
vt -2 1
vt -1 0
vt -1 1
vt -2 2
vt -1 2
vt 0 0
vt 0 1
vt 0 2

vn 0 1 0

usemtl ProBuilderDefault
f 1746/1554/203 1747/1555/203 1745/1553/203 1744/1552/203
f 1747/1555/203 1749/1557/203 1748/1556/203 1745/1553/203
f 1750/1558/203 1751/1559/203 1747/1555/203 1746/1554/203
f 1751/1559/203 1752/1560/203 1749/1557/203 1747/1555/203

g Plane (163)
v -14 -5E-05 -12
v -14 -5E-05 -11
v -15 -5E-05 -12
v -15 -5E-05 -11
v -14 -5E-05 -10
v -15 -5E-05 -10
v -16 -5E-05 -12
v -16 -5E-05 -11
v -16 -5E-05 -10

vt -2 0
vt -2 1
vt -1 0
vt -1 1
vt -2 2
vt -1 2
vt 0 0
vt 0 1
vt 0 2

vn 0 1 0

usemtl ProBuilderDefault
f 1755/1563/204 1756/1564/204 1754/1562/204 1753/1561/204
f 1756/1564/204 1758/1566/204 1757/1565/204 1754/1562/204
f 1759/1567/204 1760/1568/204 1756/1564/204 1755/1563/204
f 1760/1568/204 1761/1569/204 1758/1566/204 1756/1564/204

g Plane (102)
v 14 5E-05 -4
v 14 5E-05 -3
v 13 5E-05 -4
v 13 5E-05 -3
v 14 5E-05 -2
v 13 5E-05 -2
v 12 5E-05 -4
v 12 5E-05 -3
v 12 5E-05 -2

vt -2 0
vt -2 1
vt -1 0
vt -1 1
vt -2 2
vt -1 2
vt 0 0
vt 0 1
vt 0 2

vn 0 1 0

usemtl ProBuilderDefault
f 1764/1572/205 1765/1573/205 1763/1571/205 1762/1570/205
f 1765/1573/205 1767/1575/205 1766/1574/205 1763/1571/205
f 1768/1576/205 1769/1577/205 1765/1573/205 1764/1572/205
f 1769/1577/205 1770/1578/205 1767/1575/205 1765/1573/205

g Plane (75)
v -10 5E-05 -8
v -10 5E-05 -7
v -11 5E-05 -8
v -11 5E-05 -7
v -10 5E-05 -6
v -11 5E-05 -6
v -12 5E-05 -8
v -12 5E-05 -7
v -12 5E-05 -6

vt -2 0
vt -2 1
vt -1 0
vt -1 1
vt -2 2
vt -1 2
vt 0 0
vt 0 1
vt 0 2

vn 0 1 0

usemtl ProBuilderDefault
f 1773/1581/206 1774/1582/206 1772/1580/206 1771/1579/206
f 1774/1582/206 1776/1584/206 1775/1583/206 1772/1580/206
f 1777/1585/206 1778/1586/206 1774/1582/206 1773/1581/206
f 1778/1586/206 1779/1587/206 1776/1584/206 1774/1582/206

g Plane (160)
v 10 -5E-05 -12
v 10 -5E-05 -11
v 9 -5E-05 -12
v 9 -5E-05 -11
v 10 -5E-05 -10
v 9 -5E-05 -10
v 8 -5E-05 -12
v 8 -5E-05 -11
v 8 -5E-05 -10

vt -2 0
vt -2 1
vt -1 0
vt -1 1
vt -2 2
vt -1 2
vt 0 0
vt 0 1
vt 0 2

vn 0 1 0

usemtl ProBuilderDefault
f 1782/1590/207 1783/1591/207 1781/1589/207 1780/1588/207
f 1783/1591/207 1785/1593/207 1784/1592/207 1781/1589/207
f 1786/1594/207 1787/1595/207 1783/1591/207 1782/1590/207
f 1787/1595/207 1788/1596/207 1785/1593/207 1783/1591/207

g Plane (133)
v -14 -5E-05 -16
v -14 -5E-05 -15
v -15 -5E-05 -16
v -15 -5E-05 -15
v -14 -5E-05 -14
v -15 -5E-05 -14
v -16 -5E-05 -16
v -16 -5E-05 -15
v -16 -5E-05 -14

vt -2 0
vt -2 1
vt -1 0
vt -1 1
vt -2 2
vt -1 2
vt 0 0
vt 0 1
vt 0 2

vn 0 1 0

usemtl ProBuilderDefault
f 1791/1599/208 1792/1600/208 1790/1598/208 1789/1597/208
f 1792/1600/208 1794/1602/208 1793/1601/208 1790/1598/208
f 1795/1603/208 1796/1604/208 1792/1600/208 1791/1599/208
f 1796/1604/208 1797/1605/208 1794/1602/208 1792/1600/208

g Plane (50)
v 6 5E-05 6
v 6 5E-05 7
v 5 5E-05 6
v 5 5E-05 7
v 6 5E-05 8
v 5 5E-05 8
v 4 5E-05 6
v 4 5E-05 7
v 4 5E-05 8

vt -2 0
vt -2 1
vt -1 0
vt -1 1
vt -2 2
vt -1 2
vt 0 0
vt 0 1
vt 0 2

vn 0 1 0

usemtl ProBuilderDefault
f 1800/1608/209 1801/1609/209 1799/1607/209 1798/1606/209
f 1801/1609/209 1803/1611/209 1802/1610/209 1799/1607/209
f 1804/1612/209 1805/1613/209 1801/1609/209 1800/1608/209
f 1805/1613/209 1806/1614/209 1803/1611/209 1801/1609/209

g Plane (97)
v -8 3.99995 -4
v -8 3.99995 -3
v -9 3.99995 -4
v -9 3.99995 -3
v -8 3.99995 -2
v -9 3.99995 -2
v -10 3.99995 -4
v -10 3.99995 -3
v -10 3.99995 -2
v -8 -5E-05 -3
v -8 -5E-05 -2
v -8 0.99995 -3
v -8 0.99995 -2
v -10 -5E-05 -4
v -9 -5E-05 -4
v -10 0.99995 -4
v -9 0.99995 -4
v -9 -5E-05 -2
v -10 -5E-05 -2
v -9 0.99995 -2
v -10 0.99995 -2
v -10 -5E-05 -3
v -10 0.99995 -3
v -8 -5E-05 -4
v -8 0.99995 -4
v -8 1.99995 -3
v -8 1.99995 -2
v -10 1.99995 -4
v -9 1.99995 -4
v -9 1.99995 -2
v -10 1.99995 -2
v -10 1.99995 -3
v -8 1.99995 -4
v -8 2.99995 -3
v -8 2.99995 -2
v -10 2.99995 -4
v -9 2.99995 -4
v -9 2.99995 -2
v -10 2.99995 -2
v -10 2.99995 -3
v -8 2.99995 -4

vt -2 0
vt -2 1
vt -1 0
vt -1 1
vt -2 2
vt -1 2
vt 0 0
vt 0 1
vt 0 2
vt 1 0.0001
vt 1 1.0001
vt 2 0.0001
vt 2 1.0001
vt 1 2.0001
vt 2 2.0001
vt -1 3.0001
vt -2 3.0001
vt 0 3.0001
vt 1 3.0001
vt 2 3.0001
vt -1 4.0001
vt -2 4.0001
vt 0 4.0001
vt 1 4.0001
vt 2 4.0001

vn 0 1 0
vn 1 0 0
vn 0 0 -1
vn 0 0 1
vn -1 0 0

usemtl ProBuilderDefault
f 1809/1617/210 1810/1618/210 1808/1616/210 1807/1615/210
f 1810/1618/210 1812/1620/210 1811/1619/210 1808/1616/210
f 1813/1621/210 1814/1622/210 1810/1618/210 1809/1617/210
f 1814/1622/210 1815/1623/210 1812/1620/210 1810/1618/210
f 1818/1618/211 1819/1616/211 1817/1615/211 1816/1617/211
f 1822/1622/212 1823/1618/212 1821/1617/212 1820/1621/212
f 1826/1625/213 1827/1622/213 1825/1621/213 1824/1624/213
f 1829/1625/214 1822/1622/214 1820/1621/214 1828/1624/214
f 1831/1622/211 1818/1618/211 1816/1617/211 1830/1621/211
f 1823/1618/212 1831/1616/212 1830/1615/212 1821/1617/212
f 1819/1627/213 1826/1625/213 1824/1624/213 1817/1626/213
f 1827/1627/214 1829/1625/214 1828/1624/214 1825/1626/214
f 1832/1620/211 1833/1619/211 1819/1616/211 1818/1618/211
f 1834/1623/212 1835/1620/212 1823/1618/212 1822/1622/212
f 1836/1628/213 1837/1623/213 1827/1622/213 1826/1625/213
f 1838/1628/214 1834/1623/214 1822/1622/214 1829/1625/214
f 1839/1623/211 1832/1620/211 1818/1618/211 1831/1622/211
f 1835/1620/212 1839/1619/212 1831/1616/212 1823/1618/212
f 1833/1629/213 1836/1628/213 1826/1625/213 1819/1627/213
f 1837/1629/214 1838/1628/214 1829/1625/214 1827/1627/214
f 1840/1630/211 1841/1631/211 1833/1619/211 1832/1620/211
f 1842/1632/212 1843/1630/212 1835/1620/212 1834/1623/212
f 1844/1633/213 1845/1632/213 1837/1623/213 1836/1628/213
f 1846/1633/214 1842/1632/214 1834/1623/214 1838/1628/214
f 1847/1632/211 1840/1630/211 1832/1620/211 1839/1623/211
f 1843/1630/212 1847/1631/212 1839/1619/212 1835/1620/212
f 1841/1634/213 1844/1633/213 1836/1628/213 1833/1629/213
f 1845/1634/214 1846/1633/214 1838/1628/214 1837/1629/214
f 1808/1635/211 1811/1636/211 1841/1631/211 1840/1630/211
f 1813/1637/212 1809/1635/212 1843/1630/212 1842/1632/212
f 1812/1638/213 1815/1637/213 1845/1632/213 1844/1633/213
f 1814/1638/214 1813/1637/214 1842/1632/214 1846/1633/214
f 1807/1637/211 1808/1635/211 1840/1630/211 1847/1632/211
f 1809/1635/212 1807/1636/212 1847/1631/212 1843/1630/212
f 1811/1639/213 1812/1638/213 1844/1633/213 1841/1634/213
f 1815/1639/214 1814/1638/214 1846/1633/214 1845/1634/214

g Plane (31)
v -2 0 4
v -2 0 5
v -3 0 4
v -3 0 5
v -2 0 6
v -3 0 6
v -4 0 4
v -4 0 5
v -4 0 6

vt -2 0
vt -2 1
vt -1 0
vt -1 1
vt -2 2
vt -1 2
vt 0 0
vt 0 1
vt 0 2

vn 0 1 0

usemtl ProBuilderDefault
f 1850/1642/215 1851/1643/215 1849/1641/215 1848/1640/215
f 1851/1643/215 1853/1645/215 1852/1644/215 1849/1641/215
f 1854/1646/215 1855/1647/215 1851/1643/215 1850/1642/215
f 1855/1647/215 1856/1648/215 1853/1645/215 1851/1643/215

g Plane (167)
v 0 0.0001 -10
v 0 0.0001 -9
v -1 0.0001 -10
v -1 0.0001 -9
v 0 0.0001 -8
v -1 0.0001 -8
v -2 0.0001 -10
v -2 0.0001 -9
v -2 0.0001 -8

vt -2 0
vt -2 1
vt -1 0
vt -1 1
vt -2 2
vt -1 2
vt 0 0
vt 0 1
vt 0 2

vn 0 1 0

usemtl ProBuilderDefault
f 1859/1651/216 1860/1652/216 1858/1650/216 1857/1649/216
f 1860/1652/216 1862/1654/216 1861/1653/216 1858/1650/216
f 1863/1655/216 1864/1656/216 1860/1652/216 1859/1651/216
f 1864/1656/216 1865/1657/216 1862/1654/216 1860/1652/216

g Plane (138)
v 2 0.0001 -14
v 2 0.0001 -13
v 1 0.0001 -14
v 1 0.0001 -13
v 2 0.0001 -12
v 1 0.0001 -12
v 0 0.0001 -14
v 0 0.0001 -13
v 0 0.0001 -12

vt -2 0
vt -2 1
vt -1 0
vt -1 1
vt -2 2
vt -1 2
vt 0 0
vt 0 1
vt 0 2

vn 0 1 0

usemtl ProBuilderDefault
f 1868/1660/217 1869/1661/217 1867/1659/217 1866/1658/217
f 1869/1661/217 1871/1663/217 1870/1662/217 1867/1659/217
f 1872/1664/217 1873/1665/217 1869/1661/217 1868/1660/217
f 1873/1665/217 1874/1666/217 1871/1663/217 1869/1661/217

g Plane (175)
v 10 -5E-05 -10
v 10 -5E-05 -9
v 9 -5E-05 -10
v 9 -5E-05 -9
v 10 -5E-05 -8
v 9 -5E-05 -8
v 8 -5E-05 -10
v 8 -5E-05 -9
v 8 -5E-05 -8

vt -2 0
vt -2 1
vt -1 0
vt -1 1
vt -2 2
vt -1 2
vt 0 0
vt 0 1
vt 0 2

vn 0 1 0

usemtl ProBuilderDefault
f 1877/1669/218 1878/1670/218 1876/1668/218 1875/1667/218
f 1878/1670/218 1880/1672/218 1879/1671/218 1876/1668/218
f 1881/1673/218 1882/1674/218 1878/1670/218 1877/1669/218
f 1882/1674/218 1883/1675/218 1880/1672/218 1878/1670/218

g Plane (98)
v -6 4.00005 -4
v -6 4.00005 -3
v -7 4.00005 -4
v -7 4.00005 -3
v -6 4.00005 -2
v -7 4.00005 -2
v -8 4.00005 -4
v -8 4.00005 -3
v -8 4.00005 -2
v -6 5E-05 -3
v -6 5E-05 -2
v -6 1.00005 -3
v -6 1.00005 -2
v -8 5E-05 -4
v -7 5E-05 -4
v -8 1.00005 -4
v -7 1.00005 -4
v -7 5E-05 -2
v -8 5E-05 -2
v -7 1.00005 -2
v -8 1.00005 -2
v -8 5E-05 -3
v -8 1.00005 -3
v -6 5E-05 -4
v -6 1.00005 -4
v -6 2.00005 -3
v -6 2.00005 -2
v -8 2.00005 -4
v -7 2.00005 -4
v -7 2.00005 -2
v -8 2.00005 -2
v -8 2.00005 -3
v -6 2.00005 -4
v -6 3.00005 -3
v -6 3.00005 -2
v -8 3.00005 -4
v -7 3.00005 -4
v -7 3.00005 -2
v -8 3.00005 -2
v -8 3.00005 -3
v -6 3.00005 -4

vt -2 0
vt -2 1
vt -1 0
vt -1 1
vt -2 2
vt -1 2
vt 0 0
vt 0 1
vt 0 2
vt 1 0.0001
vt 1 1.0001
vt 2 0.0001
vt 2 1.0001
vt 1 2.0001
vt 2 2.0001
vt -1 3.0001
vt -2 3.0001
vt 0 3.0001
vt 1 3.0001
vt 2 3.0001
vt -1 4.0001
vt -2 4.0001
vt 0 4.0001
vt 1 4.0001
vt 2 4.0001

vn 0 1 0
vn 1 0 0
vn 0 0 -1
vn 0 0 1
vn -1 0 0

usemtl ProBuilderDefault
f 1886/1678/219 1887/1679/219 1885/1677/219 1884/1676/219
f 1887/1679/219 1889/1681/219 1888/1680/219 1885/1677/219
f 1890/1682/219 1891/1683/219 1887/1679/219 1886/1678/219
f 1891/1683/219 1892/1684/219 1889/1681/219 1887/1679/219
f 1895/1679/220 1896/1677/220 1894/1676/220 1893/1678/220
f 1899/1683/221 1900/1679/221 1898/1678/221 1897/1682/221
f 1903/1686/222 1904/1683/222 1902/1682/222 1901/1685/222
f 1906/1686/223 1899/1683/223 1897/1682/223 1905/1685/223
f 1908/1683/220 1895/1679/220 1893/1678/220 1907/1682/220
f 1900/1679/221 1908/1677/221 1907/1676/221 1898/1678/221
f 1896/1688/222 1903/1686/222 1901/1685/222 1894/1687/222
f 1904/1688/223 1906/1686/223 1905/1685/223 1902/1687/223
f 1909/1681/220 1910/1680/220 1896/1677/220 1895/1679/220
f 1911/1684/221 1912/1681/221 1900/1679/221 1899/1683/221
f 1913/1689/222 1914/1684/222 1904/1683/222 1903/1686/222
f 1915/1689/223 1911/1684/223 1899/1683/223 1906/1686/223
f 1916/1684/220 1909/1681/220 1895/1679/220 1908/1683/220
f 1912/1681/221 1916/1680/221 1908/1677/221 1900/1679/221
f 1910/1690/222 1913/1689/222 1903/1686/222 1896/1688/222
f 1914/1690/223 1915/1689/223 1906/1686/223 1904/1688/223
f 1917/1691/220 1918/1692/220 1910/1680/220 1909/1681/220
f 1919/1693/221 1920/1691/221 1912/1681/221 1911/1684/221
f 1921/1694/222 1922/1693/222 1914/1684/222 1913/1689/222
f 1923/1694/223 1919/1693/223 1911/1684/223 1915/1689/223
f 1924/1693/220 1917/1691/220 1909/1681/220 1916/1684/220
f 1920/1691/221 1924/1692/221 1916/1680/221 1912/1681/221
f 1918/1695/222 1921/1694/222 1913/1689/222 1910/1690/222
f 1922/1695/223 1923/1694/223 1915/1689/223 1914/1690/223
f 1885/1696/220 1888/1697/220 1918/1692/220 1917/1691/220
f 1890/1698/221 1886/1696/221 1920/1691/221 1919/1693/221
f 1889/1699/222 1892/1698/222 1922/1693/222 1921/1694/222
f 1891/1699/223 1890/1698/223 1919/1693/223 1923/1694/223
f 1884/1698/220 1885/1696/220 1917/1691/220 1924/1693/220
f 1886/1696/221 1884/1697/221 1924/1692/221 1920/1691/221
f 1888/1700/222 1889/1699/222 1921/1694/222 1918/1695/222
f 1892/1700/223 1891/1699/223 1923/1694/223 1922/1695/223

g Plane (149)
v -12 5E-05 -14
v -12 5E-05 -13
v -13 5E-05 -14
v -13 5E-05 -13
v -12 5E-05 -12
v -13 5E-05 -12
v -14 5E-05 -14
v -14 5E-05 -13
v -14 5E-05 -12

vt -2 0
vt -2 1
vt -1 0
vt -1 1
vt -2 2
vt -1 2
vt 0 0
vt 0 1
vt 0 2

vn 0 1 0

usemtl ProBuilderDefault
f 1927/1703/224 1928/1704/224 1926/1702/224 1925/1701/224
f 1928/1704/224 1930/1706/224 1929/1705/224 1926/1702/224
f 1931/1707/224 1932/1708/224 1928/1704/224 1927/1703/224
f 1932/1708/224 1933/1709/224 1930/1706/224 1928/1704/224

g Plane (33)
v 2 4.000075 4
v 2 4.000075 5
v 1 4.000075 4
v 1 4.000075 5
v 2 4.000075 6
v 1 4.000075 6
v 0 4.000075 4
v 0 4.000075 5
v 0 4.000075 6
v 2 0.0001 4
v 2 0.0001 5
v 2 1.000075 4
v 2 1.000075 5
v 0 0.0001 5
v 0 0.0001 4
v 0 1.000075 5
v 0 1.000075 4
v 1 0.0001 6
v 0 0.0001 6
v 1 1.000075 6
v 0 1.000075 6
v 2 0.0001 6
v 2 1.000075 6
v 1 0.0001 4
v 1 1.000075 4
v 2 2.000075 4
v 2 2.000075 5
v 0 2.000075 5
v 0 2.000075 4
v 1 2.000075 6
v 0 2.000075 6
v 2 2.000075 6
v 1 2.000075 4
v 2 3.000075 4
v 2 3.000075 5
v 0 3.000075 5
v 0 3.000075 4
v 1 3.000075 6
v 0 3.000075 6
v 2 3.000075 6
v 1 3.000075 4

vt -2 0
vt -2 1
vt -1 0
vt -1 1
vt -2 2
vt -1 2
vt 0 0
vt 0 1
vt 0 2
vt 1 0.0001
vt 1 1.000075
vt 2 0.0001
vt 2 1.000075
vt 1 2.000075
vt 2 2.000075
vt 0 3.000075
vt -1 3.000075
vt 1 3.000075
vt 2 3.000075
vt -2 3.000075
vt 0 4.000075
vt -1 4.000075
vt 1 4.000075
vt 2 4.000075
vt -2 4.000075

vn 0 1 0
vn 1 0 0
vn -1 0 0
vn 0 0 1
vn 0 0 -1

usemtl ProBuilderDefault
f 1936/1712/225 1937/1713/225 1935/1711/225 1934/1710/225
f 1937/1713/225 1939/1715/225 1938/1714/225 1935/1711/225
f 1940/1716/225 1941/1717/225 1937/1713/225 1936/1712/225
f 1941/1717/225 1942/1718/225 1939/1715/225 1937/1713/225
f 1945/1717/226 1946/1713/226 1944/1712/226 1943/1716/226
f 1949/1720/227 1950/1717/227 1948/1716/227 1947/1719/227
f 1953/1720/228 1954/1717/228 1952/1716/228 1951/1719/228
f 1954/1722/227 1949/1720/227 1947/1719/227 1952/1721/227
f 1946/1713/226 1956/1711/226 1955/1710/226 1944/1712/226
f 1950/1717/229 1958/1713/229 1957/1712/229 1948/1716/229
f 1956/1722/228 1953/1720/228 1951/1719/228 1955/1721/228
f 1958/1713/229 1945/1711/229 1943/1710/229 1957/1712/229
f 1959/1718/226 1960/1715/226 1946/1713/226 1945/1717/226
f 1961/1723/227 1962/1718/227 1950/1717/227 1949/1720/227
f 1963/1723/228 1964/1718/228 1954/1717/228 1953/1720/228
f 1964/1724/227 1961/1723/227 1949/1720/227 1954/1722/227
f 1960/1715/226 1965/1714/226 1956/1711/226 1946/1713/226
f 1962/1718/229 1966/1715/229 1958/1713/229 1950/1717/229
f 1965/1724/228 1963/1723/228 1953/1720/228 1956/1722/228
f 1966/1715/229 1959/1714/229 1945/1711/229 1958/1713/229
f 1967/1725/226 1968/1726/226 1960/1715/226 1959/1718/226
f 1969/1727/227 1970/1725/227 1962/1718/227 1961/1723/227
f 1971/1727/228 1972/1725/228 1964/1718/228 1963/1723/228
f 1972/1728/227 1969/1727/227 1961/1723/227 1964/1724/227
f 1968/1726/226 1973/1729/226 1965/1714/226 1960/1715/226
f 1970/1725/229 1974/1726/229 1966/1715/229 1962/1718/229
f 1973/1728/228 1971/1727/228 1963/1723/228 1965/1724/228
f 1974/1726/229 1967/1729/229 1959/1714/229 1966/1715/229
f 1934/1730/226 1935/1731/226 1968/1726/226 1967/1725/226
f 1941/1732/227 1940/1730/227 1970/1725/227 1969/1727/227
f 1939/1732/228 1942/1730/228 1972/1725/228 1971/1727/228
f 1942/1733/227 1941/1732/227 1969/1727/227 1972/1728/227
f 1935/1731/226 1938/1734/226 1973/1729/226 1968/1726/226
f 1940/1730/229 1936/1731/229 1974/1726/229 1970/1725/229
f 1938/1733/228 1939/1732/228 1971/1727/228 1973/1728/228
f 1936/1731/229 1934/1734/229 1967/1729/229 1974/1726/229

g Plane (36)
v 8 5E-05 4
v 8 5E-05 5
v 7 5E-05 4
v 7 5E-05 5
v 8 5E-05 6
v 7 5E-05 6
v 6 5E-05 4
v 6 5E-05 5
v 6 5E-05 6

vt -2 0
vt -2 1
vt -1 0
vt -1 1
vt -2 2
vt -1 2
vt 0 0
vt 0 1
vt 0 2

vn 0 1 0

usemtl ProBuilderDefault
f 1977/1737/230 1978/1738/230 1976/1736/230 1975/1735/230
f 1978/1738/230 1980/1740/230 1979/1739/230 1976/1736/230
f 1981/1741/230 1982/1742/230 1978/1738/230 1977/1737/230
f 1982/1742/230 1983/1743/230 1980/1740/230 1978/1738/230

g Plane (46)
v -2 0 6
v -2 0 7
v -3 0 6
v -3 0 7
v -2 0 8
v -3 0 8
v -4 0 6
v -4 0 7
v -4 0 8

vt -2 0
vt -2 1
vt -1 0
vt -1 1
vt -2 2
vt -1 2
vt 0 0
vt 0 1
vt 0 2

vn 0 1 0

usemtl ProBuilderDefault
f 1986/1746/231 1987/1747/231 1985/1745/231 1984/1744/231
f 1987/1747/231 1989/1749/231 1988/1748/231 1985/1745/231
f 1990/1750/231 1991/1751/231 1987/1747/231 1986/1746/231
f 1991/1751/231 1992/1752/231 1989/1749/231 1987/1747/231

g Plane (39)
v -4 5E-05 4
v -4 5E-05 5
v -5 5E-05 4
v -5 5E-05 5
v -4 5E-05 6
v -5 5E-05 6
v -6 5E-05 4
v -6 5E-05 5
v -6 5E-05 6

vt -2 0
vt -2 1
vt -1 0
vt -1 1
vt -2 2
vt -1 2
vt 0 0
vt 0 1
vt 0 2

vn 0 1 0

usemtl ProBuilderDefault
f 1995/1755/232 1996/1756/232 1994/1754/232 1993/1753/232
f 1996/1756/232 1998/1758/232 1997/1757/232 1994/1754/232
f 1999/1759/232 2000/1760/232 1996/1756/232 1995/1755/232
f 2000/1760/232 2001/1761/232 1998/1758/232 1996/1756/232

g Plane (95)
v 6 4.00005 -4
v 6 4.00005 -3
v 5 4.00005 -4
v 5 4.00005 -3
v 6 4.00005 -2
v 5 4.00005 -2
v 4 4.00005 -4
v 4 4.00005 -3
v 4 4.00005 -2
v 6 5E-05 -4
v 6 5E-05 -3
v 5 5E-05 -4
v 6 5E-05 -2
v 5 5E-05 -2
v 4 5E-05 -4
v 4 5E-05 -3
v 4 5E-05 -2
v 6 1.00005 -4
v 6 1.00005 -3
v 5 1.00005 -4
v 6 1.00005 -2
v 5 1.00005 -2
v 4 1.00005 -4
v 4 1.00005 -3
v 4 1.00005 -2
v 6 2.00005 -4
v 6 2.00005 -3
v 5 2.00005 -4
v 6 2.00005 -2
v 5 2.00005 -2
v 4 2.00005 -4
v 4 2.00005 -3
v 4 2.00005 -2
v 6 3.00005 -4
v 6 3.00005 -3
v 5 3.00005 -4
v 6 3.00005 -2
v 5 3.00005 -2
v 4 3.00005 -4
v 4 3.00005 -3
v 4 3.00005 -2

vt -2 0
vt -2 1
vt -1 0
vt -1 1
vt -2 2
vt -1 2
vt 0 0
vt 0 1
vt 0 2
vt 2 0.0001000679
vt 1 0.0001000679
vt 2 1.0001
vt 1 1.0001
vt 2 2.0001
vt 1 2.0001
vt 0 3.0001
vt -1 3.0001
vt -2 3.0001
vt 2 3.0001
vt 1 3.0001
vt 0 4.0001
vt -1 4.0001
vt -2 4.0001
vt 2 4.0001
vt 1 4.0001

vn 0 1 0
vn 0 0 0
vn 1 0 0
vn 0 0 -1
vn 0 0 1
vn -1 0 0

usemtl ProBuilderDefault
f 2004/1764/233 2005/1765/233 2003/1763/233 2002/1762/233
f 2005/1765/233 2007/1767/233 2006/1766/233 2003/1763/233
f 2008/1768/233 2009/1769/233 2005/1765/233 2004/1764/233
f 2009/1769/233 2010/1770/233 2007/1767/233 2005/1765/233
f 2011/1762/234 2012/1763/234 2012/1763/234 2011/1762/234
f 2013/1764/234 2011/1762/234 2011/1762/234 2013/1764/234
f 2014/1766/234 2015/1767/234 2015/1767/234 2014/1766/234
f 2016/1768/234 2013/1764/234 2013/1764/234 2016/1768/234
f 2012/1763/234 2014/1766/234 2014/1766/234 2012/1763/234
f 2017/1769/234 2016/1768/234 2016/1768/234 2017/1769/234
f 2015/1767/234 2018/1770/234 2018/1770/234 2015/1767/234
f 2018/1770/234 2017/1769/234 2017/1769/234 2018/1770/234
f 2019/1769/235 2020/1765/235 2012/1764/235 2011/1768/235
f 2021/1765/236 2019/1763/236 2011/1762/236 2013/1764/236
f 2022/1773/237 2023/1774/237 2015/1772/237 2014/1771/237
f 2024/1769/236 2021/1765/236 2013/1764/236 2016/1768/236
f 2020/1765/235 2022/1763/235 2014/1762/235 2012/1764/235
f 2025/1774/238 2024/1769/238 2016/1768/238 2017/1772/238
f 2023/1774/237 2026/1769/237 2018/1768/237 2015/1772/237
f 2026/1773/238 2025/1774/238 2017/1772/238 2018/1771/238
f 2027/1770/235 2028/1767/235 2020/1765/235 2019/1769/235
f 2029/1767/236 2027/1766/236 2019/1763/236 2021/1765/236
f 2030/1775/237 2031/1776/237 2023/1774/237 2022/1773/237
f 2032/1770/236 2029/1767/236 2021/1765/236 2024/1769/236
f 2028/1767/235 2030/1766/235 2022/1763/235 2020/1765/235
f 2033/1776/238 2032/1770/238 2024/1769/238 2025/1774/238
f 2031/1776/237 2034/1770/237 2026/1769/237 2023/1774/237
f 2034/1775/238 2033/1776/238 2025/1774/238 2026/1773/238
f 2035/1777/235 2036/1778/235 2028/1767/235 2027/1770/235
f 2037/1778/236 2035/1779/236 2027/1766/236 2029/1767/236
f 2038/1780/237 2039/1781/237 2031/1776/237 2030/1775/237
f 2040/1777/236 2037/1778/236 2029/1767/236 2032/1770/236
f 2036/1778/235 2038/1779/235 2030/1766/235 2028/1767/235
f 2041/1781/238 2040/1777/238 2032/1770/238 2033/1776/238
f 2039/1781/237 2042/1777/237 2034/1770/237 2031/1776/237
f 2042/1780/238 2041/1781/238 2033/1776/238 2034/1775/238
f 2002/1782/235 2003/1783/235 2036/1778/235 2035/1777/235
f 2004/1783/236 2002/1784/236 2035/1779/236 2037/1778/236
f 2006/1785/237 2007/1786/237 2039/1781/237 2038/1780/237
f 2008/1782/236 2004/1783/236 2037/1778/236 2040/1777/236
f 2003/1783/235 2006/1784/235 2038/1779/235 2036/1778/235
f 2009/1786/238 2008/1782/238 2040/1777/238 2041/1781/238
f 2007/1786/237 2010/1782/237 2042/1777/237 2039/1781/237
f 2010/1785/238 2009/1786/238 2041/1781/238 2042/1780/238

g Plane (17)
v 0 0.0001 2
v 0 0.0001 3
v -1 0.0001 2
v -1 0.0001 3
v 0 0.0001 4
v -1 0.0001 4
v -2 0.0001 2
v -2 0.0001 3
v -2 0.0001 4

vt -2 0
vt -2 1
vt -1 0
vt -1 1
vt -2 2
vt -1 2
vt 0 0
vt 0 1
vt 0 2

vn 0 1 0

usemtl ProBuilderDefault
f 2045/1789/239 2046/1790/239 2044/1788/239 2043/1787/239
f 2046/1790/239 2048/1792/239 2047/1791/239 2044/1788/239
f 2049/1793/239 2050/1794/239 2046/1790/239 2045/1789/239
f 2050/1794/239 2051/1795/239 2048/1792/239 2046/1790/239

g Plane (112)
v -8 -5E-05 -2
v -8 -5E-05 -1
v -9 -5E-05 -2
v -9 -5E-05 -1
v -8 -5E-05 0
v -9 -5E-05 0
v -10 -5E-05 -2
v -10 -5E-05 -1
v -10 -5E-05 0

vt -2 0
vt -2 1
vt -1 0
vt -1 1
vt -2 2
vt -1 2
vt 0 0
vt 0 1
vt 0 2

vn 0 1 0

usemtl ProBuilderDefault
f 2054/1798/240 2055/1799/240 2053/1797/240 2052/1796/240
f 2055/1799/240 2057/1801/240 2056/1800/240 2053/1797/240
f 2058/1802/240 2059/1803/240 2055/1799/240 2054/1798/240
f 2059/1803/240 2060/1804/240 2057/1801/240 2055/1799/240

g Plane (154)
v 4 -5E-05 -12
v 4 -5E-05 -11
v 3 -5E-05 -12
v 3 -5E-05 -11
v 4 -5E-05 -10
v 3 -5E-05 -10
v 2 -5E-05 -12
v 2 -5E-05 -11
v 2 -5E-05 -10

vt -2 0
vt -2 1
vt -1 0
vt -1 1
vt -2 2
vt -1 2
vt 0 0
vt 0 1
vt 0 2

vn 0 1 0

usemtl ProBuilderDefault
f 2063/1807/241 2064/1808/241 2062/1806/241 2061/1805/241
f 2064/1808/241 2066/1810/241 2065/1809/241 2062/1806/241
f 2067/1811/241 2068/1812/241 2064/1808/241 2063/1807/241
f 2068/1812/241 2069/1813/241 2066/1810/241 2064/1808/241

g Plane (88)
v -14 -5E-05 -6
v -14 -5E-05 -5
v -15 -5E-05 -6
v -15 -5E-05 -5
v -14 -5E-05 -4
v -15 -5E-05 -4
v -16 -5E-05 -6
v -16 -5E-05 -5
v -16 -5E-05 -4

vt -2 0
vt -2 1
vt -1 0
vt -1 1
vt -2 2
vt -1 2
vt 0 0
vt 0 1
vt 0 2

vn 0 1 0

usemtl ProBuilderDefault
f 2072/1816/242 2073/1817/242 2071/1815/242 2070/1814/242
f 2073/1817/242 2075/1819/242 2074/1818/242 2071/1815/242
f 2076/1820/242 2077/1821/242 2073/1817/242 2072/1816/242
f 2077/1821/242 2078/1822/242 2075/1819/242 2073/1817/242

g Plane (73)
v -14 -5E-05 -8
v -14 -5E-05 -7
v -15 -5E-05 -8
v -15 -5E-05 -7
v -14 -5E-05 -6
v -15 -5E-05 -6
v -16 -5E-05 -8
v -16 -5E-05 -7
v -16 -5E-05 -6

vt -2 0
vt -2 1
vt -1 0
vt -1 1
vt -2 2
vt -1 2
vt 0 0
vt 0 1
vt 0 2

vn 0 1 0

usemtl ProBuilderDefault
f 2081/1825/243 2082/1826/243 2080/1824/243 2079/1823/243
f 2082/1826/243 2084/1828/243 2083/1827/243 2080/1824/243
f 2085/1829/243 2086/1830/243 2082/1826/243 2081/1825/243
f 2086/1830/243 2087/1831/243 2084/1828/243 2082/1826/243

g Plane (61)
v -2 0 -8
v -2 0 -7
v -3 0 -8
v -3 0 -7
v -2 0 -6
v -3 0 -6
v -4 0 -8
v -4 0 -7
v -4 0 -6

vt -2 0
vt -2 1
vt -1 0
vt -1 1
vt -2 2
vt -1 2
vt 0 0
vt 0 1
vt 0 2

vn 0 1 0

usemtl ProBuilderDefault
f 2090/1834/244 2091/1835/244 2089/1833/244 2088/1832/244
f 2091/1835/244 2093/1837/244 2092/1836/244 2089/1833/244
f 2094/1838/244 2095/1839/244 2091/1835/244 2090/1834/244
f 2095/1839/244 2096/1840/244 2093/1837/244 2091/1835/244

g Plane (123)
v 2 0.0001 -16
v 2 0.0001 -15
v 1 0.0001 -16
v 1 0.0001 -15
v 2 0.0001 -14
v 1 0.0001 -14
v 0 0.0001 -16
v 0 0.0001 -15
v 0 0.0001 -14

vt -2 0
vt -2 1
vt -1 0
vt -1 1
vt -2 2
vt -1 2
vt 0 0
vt 0 1
vt 0 2

vn 0 1 0

usemtl ProBuilderDefault
f 2099/1843/245 2100/1844/245 2098/1842/245 2097/1841/245
f 2100/1844/245 2102/1846/245 2101/1845/245 2098/1842/245
f 2103/1847/245 2104/1848/245 2100/1844/245 2099/1843/245
f 2104/1848/245 2105/1849/245 2102/1846/245 2100/1844/245

g Plane (35)
v 6 5E-05 4
v 6 5E-05 5
v 5 5E-05 4
v 5 5E-05 5
v 6 5E-05 6
v 5 5E-05 6
v 4 5E-05 4
v 4 5E-05 5
v 4 5E-05 6

vt -2 0
vt -2 1
vt -1 0
vt -1 1
vt -2 2
vt -1 2
vt 0 0
vt 0 1
vt 0 2

vn 0 1 0

usemtl ProBuilderDefault
f 2108/1852/246 2109/1853/246 2107/1851/246 2106/1850/246
f 2109/1853/246 2111/1855/246 2110/1854/246 2107/1851/246
f 2112/1856/246 2113/1857/246 2109/1853/246 2108/1852/246
f 2113/1857/246 2114/1858/246 2111/1855/246 2109/1853/246

g Plane (56)
v 12 5E-05 6
v 12 5E-05 7
v 11 5E-05 6
v 11 5E-05 7
v 12 5E-05 8
v 11 5E-05 8
v 10 5E-05 6
v 10 5E-05 7
v 10 5E-05 8

vt -2 0
vt -2 1
vt -1 0
vt -1 1
vt -2 2
vt -1 2
vt 0 0
vt 0 1
vt 0 2

vn 0 1 0

usemtl ProBuilderDefault
f 2117/1861/247 2118/1862/247 2116/1860/247 2115/1859/247
f 2118/1862/247 2120/1864/247 2119/1863/247 2116/1860/247
f 2121/1865/247 2122/1866/247 2118/1862/247 2117/1861/247
f 2122/1866/247 2123/1867/247 2120/1864/247 2118/1862/247

g Plane (127)
v -8 -5E-05 -16
v -8 -5E-05 -15
v -9 -5E-05 -16
v -9 -5E-05 -15
v -8 -5E-05 -14
v -9 -5E-05 -14
v -10 -5E-05 -16
v -10 -5E-05 -15
v -10 -5E-05 -14

vt -2 0
vt -2 1
vt -1 0
vt -1 1
vt -2 2
vt -1 2
vt 0 0
vt 0 1
vt 0 2

vn 0 1 0

usemtl ProBuilderDefault
f 2126/1870/248 2127/1871/248 2125/1869/248 2124/1868/248
f 2127/1871/248 2129/1873/248 2128/1872/248 2125/1869/248
f 2130/1874/248 2131/1875/248 2127/1871/248 2126/1870/248
f 2131/1875/248 2132/1876/248 2129/1873/248 2127/1871/248

